ID,R_E,ratio,P_amb,alfa_M,T_inf,P_v,mu_L,rho_L,gases,fractions,surfactant,c_L,error_code,success,elapsed_time,steps,collapse_time,T_max,n_NH3,expansion_work,dissipated_acoustic_energy,energy_efficiency,enable_heat_transfer,enable_evaporation,enable_reactions,enable_dissipated_energy,excitation_type,target_specie,p_A,freq,n,R_0,R_dot_0,T_0,c_NH3_0,c_H2_0,c_H_0,c_NH2_0,c_NH_0,c_N_0,c_NNH_0,c_N2H4_0,c_N2H3_0,c_N2H2_0,c_H2NN_0,c_N2_0,R_last,R_dot_last,T_last,c_NH3_last,c_H2_last,c_H_last,c_NH2_last,c_NH_last,c_N_last,c_NNH_last,c_N2H4_last,c_N2H3_last,c_N2H2_last,c_H2NN_last,c_N2_last
209,0.00027721366826192616,1.0,10132.5,0.35,293.15,2338.1,0.001,998.2,11  1,0.25  0.75,1.0,1483.0,0,True,3.3797149658203125,64709,0.0001582779154508492,4959.591871446281,2.0254394536621972e-11,0.0,5.9313325446642427e-05,171.9502472552396,True,False,True,True,sin_impulse,NH3,-385477.9783661961,10381.1533225532,1.0,0.00027721366826192616,0.0,293.15,0.0,3.277614039080494e-06,0.0,0.0,0.0,0.0,0.0,0.0,0.0,0.0,0.0,1.0925380130268313e-06,0.0002722480400699759,2.826070348002935e-09,293.14999998121556,2.396273418918646e-07,3.1008057791645352e-06,2.981078744071788e-14,2.1500439074167356e-24,1.0236963605903126e-26,1.0963834659183822e-15,8.47120575497493e-25,2.385055051738192e-12,1.8482747456819937e-12,2.3353093443748855e-21,2.2826273496150147e-23,1.033600211652722e-06
209,0.0002772139808988661,1.0,10132.5,0.35,293.15,2338.1,0.001,998.2,11  1,0.25  0.75,1.0,1483.0,0,True,1.822554588317871,33998,0.00015827797093416398,4959.586341643454,2.0254413364989674e-11,0.0,5.9313296886036676e-05,171.95000461387497,True,False,True,True,sin_impulse,NH3,-385477.9783661961,10381.1533225532,1.0,0.0002772139808988661,0.0,293.15,0.0,3.2776138588910535e-06,0.0,0.0,0.0,0.0,0.0,0.0,0.0,0.0,0.0,1.0925379529636844e-06,0.0002722483634310306,-4.053935090909518e-12,293.1500000050586,2.396267108012662e-07,3.1008060145433607e-06,8.3874840446574e-14,2.1500401955536833e-24,9.30293719636301e-27,1.0963865373700974e-15,2.3834361675957107e-24,2.3873863870130927e-12,1.8459190952112375e-12,2.332331431598044e-21,1.4194920596215922e-23,1.0336002995237356e-06
209,0.00027721366826192616,1.0,10132.5,0.35,293.15,2338.1,0.001,998.2,11  1,0.25  0.75,1.0,1483.0,0,True,2.0984840393066406,39872,0.00015827792191443172,4959.5888902429,2.0254376155606558e-11,0.0,5.93132224399121e-05,171.9501046831498,True,False,True,True,sin_impulse,NH3,-385477.69375631463,10381.1533225532,1.0,0.00027721366826192616,0.0,293.15,0.0,3.277614039080494e-06,0.0,0.0,0.0,0.0,0.0,0.0,0.0,0.0,0.0,1.0925380130268313e-06,0.00027224804421125385,-3.779858682959843e-12,293.1500000047349,2.3962711349304644e-07,3.100805907996316e-06,7.837830715825496e-14,2.1500438523615856e-24,1.0158060549862816e-26,1.0963847139867701e-15,2.2272433963607437e-24,2.387316032133324e-12,1.8460098660908937e-12,2.3324476557636986e-21,9.752144175807279e-24,1.033600263069997e-06
209,0.00027721366826192616,1.0,10132.5,0.35,293.15,2338.1,0.001,998.2,11  1,0.25  0.75,1.0,1483.0,0,True,1.6281185150146484,29297,0.00015827769206975916,4959.580508479747,2.0254323010726567e-11,0.0,5.931291386815337e-05,171.94966130185267,True,False,True,True,sin_impulse,NH3,-385477.9783661961,10381.174534820333,1.0,0.00027721366826192616,0.0,293.15,0.0,3.277614039080494e-06,0.0,0.0,0.0,0.0,0.0,0.0,0.0,0.0,0.0,1.0925380130268313e-06,0.000272248066275934,-2.4993048990556417e-12,293.1500000031306,2.3962642647983007e-07,3.1008064334234067e-06,5.1789135375677636e-14,2.150035362176577e-24,9.987955033709418e-27,1.096388407307436e-15,1.4716703202969452e-24,2.386472452479698e-12,1.846849681648169e-12,2.3335088932679524e-21,-2.7861012413121716e-24,1.0336004336421392e-06
209,0.00027750541746725764,1.0,10132.5,0.35,293.15,2338.1,0.001,998.2,11  1,0.25  0.75,1.0,1483.0,0,True,2.6995792388916016,49987,0.00015783282802233923,4927.995302818454,2.0061268464904263e-11,0.0,5.8316158457889925e-05,170.68694833214315,True,False,True,True,sin_impulse,NH3,-385321.9192868046,10428.956273532884,1.0,0.00027750541746725764,0.0,293.15,0.0,3.2774460649540843e-06,0.0,0.0,0.0,0.0,0.0,0.0,0.0,0.0,0.0,1.0924820216513616e-06,0.0002725984184297184,-2.375018480331483e-12,293.150000003024,2.3642847724192618e-07,3.1029958305069946e-06,5.085844304688543e-14,2.121479194739241e-24,9.92991359195957e-27,1.1139106355414594e-15,1.4462437314994745e-24,2.3481858516574736e-12,1.8301355316801195e-12,2.3122077358456835e-21,2.4978883429393827e-23,1.0343302536253961e-06
209,0.0002777971666725891,1.0,10132.5,0.35,293.15,2338.1,0.001,998.2,11  1,0.25  0.75,1.0,1483.0,0,True,3.503634452819824,64124,0.0001573933084485055,4896.39021202023,1.9791014459525152e-11,0.0,5.7346674227754535e-05,170.14139002141798,True,False,True,True,sin_impulse,NH3,-385165.8602074131,10476.759224512569,1.0,0.0002777971666725891,0.0,293.15,0.0,3.2772784436485365e-06,0.0,0.0,0.0,0.0,0.0,0.0,0.0,0.0,0.0,1.0924261478828453e-06,0.0002729676891167815,4.114124954339397e-09,293.14999997401776,2.3229813196658165e-07,3.1058738408461103e-06,3.44855260720249e-14,2.084555933848989e-24,1.0746335794886496e-26,1.1373901621957538e-15,9.815623833905281e-25,2.292054155232974e-12,1.805331012371174e-12,2.280680266498638e-21,2.0008916166603e-23,1.0352896187773214e-06
209,0.00027838066508325214,1.0,10132.5,0.35,293.15,2338.1,0.001,998.2,11  1,0.25  0.75,1.0,1483.0,0,True,3.141000509262085,63919,0.00015653070683829164,4833.133296057545,1.8983882140809227e-11,0.0,5.548840649680538e-05,171.62755687617445,True,False,True,True,sin_impulse,NH3,-384853.7420486301,10572.365126471936,1.0,0.00027838066508325214,0.0,293.15,0.0,3.2769442550628545e-06,0.0,0.0,0.0,0.0,0.0,0.0,0.0,0.0,0.0,1.0923147516876181e-06,0.0002737710133938633,4.292185065300773e-09,293.14999997256734,2.2086862573968275e-07,3.1139699600692823e-06,4.457988130567592e-14,1.982280181904846e-24,1.1603314254415166e-26,1.2060387443052212e-15,1.2721859872653085e-24,2.1232623300290102e-12,1.7261388969246706e-12,2.1802446238935736e-21,1.5745483789325235e-23,1.037988422693159e-06
209,0.0002795476619045781,1.0,10132.5,0.35,293.15,2338.1,0.001,998.2,11  1,0.25  0.75,1.0,1483.0,0,True,1.7797939777374268,34042,0.00015486945197901164,4706.415980125676,1.62440934869616e-11,0.0,5.207961148100356e-05,188.2530632252297,True,False,True,True,sin_impulse,NH3,-384229.50573106407,10763.576930390673,1.0,0.0002795476619045781,0.0,293.15,0.0,3.2762800631922884e-06,0.0,0.0,0.0,0.0,0.0,0.0,0.0,0.0,0.0,1.0920933543974295e-06,0.00027564566636010667,-7.715162779423657e-12,293.1500000095535,1.8516263990302782e-07,3.1396494138387447e-06,1.9542346261951578e-13,1.6623803829951056e-24,1.188689454887601e-26,1.4497676234714516e-15,5.622834190859846e-24,1.578327700869383e-12,1.46663414772631e-12,1.851700756474145e-21,4.579269561469098e-24,1.0465485770322931e-06
209,0.00028188165554723005,1.0,10132.5,0.35,293.15,2338.1,0.001,998.2,11  1,0.25  0.75,1.0,1483.0,0,True,1.800795316696167,33718,0.00015178928194680533,4453.277554081549,8.766905195411632e-12,0.0,4.6353178564936066e-05,310.4581079302095,True,False,True,True,sin_impulse,NH3,-382981.03309593204,11146.000538228143,1.0,0.00028188165554723005,0.0,293.15,0.0,3.2749681780728943e-06,0.0,0.0,0.0,0.0,0.0,0.0,0.0,0.0,0.0,1.0916560593576313e-06,0.0002798235547174612,-1.0099393760190169e-11,293.15000001241015,9.552232683028551e-08,3.204481171327333e-06,3.8029167789748595e-13,8.582224919363545e-25,1.5091705128020088e-26,2.2454272563713207e-15,1.1167918291905452e-23,4.872976201210146e-13,9.48451506538731e-13,1.1963835215053328e-21,6.992153341676555e-25,1.0681598160433693e-06
209,0.0002777971666725891,1.0,10132.5,0.35,293.15,2338.1,0.001,998.2,11  1,0.25  0.75,1.0,1483.0,0,True,3.374614715576172,64124,0.0001573933084485055,4896.39021202023,1.9791014459525152e-11,0.0,5.7346674227754535e-05,170.14139002141798,True,False,True,True,sin_impulse,NH3,-385165.8602074131,10476.759224512569,1.0,0.0002777971666725891,0.0,293.15,0.0,3.2772784436485365e-06,0.0,0.0,0.0,0.0,0.0,0.0,0.0,0.0,0.0,1.0924261478828453e-06,0.0002729676891167815,4.114124954339397e-09,293.14999997401776,2.3229813196658165e-07,3.1058738408461103e-06,3.44855260720249e-14,2.084555933848989e-24,1.0746335794886496e-26,1.1373901621957538e-15,9.815623833905281e-25,2.292054155232974e-12,1.805331012371174e-12,2.280680266498638e-21,2.0008916166603e-23,1.0352896187773214e-06
209,0.00027779747930952906,1.0,10132.5,0.35,293.15,2338.1,0.001,998.2,11  1,0.25  0.75,1.0,1483.0,0,True,1.6101655960083008,29127,0.00015739336444969756,4896.384864125463,1.979100746792843e-11,0.0,5.734664973503543e-05,170.14137746022485,True,False,True,True,sin_impulse,NH3,-385165.8602074131,10476.759224512569,1.0,0.00027779747930952906,0.0,293.15,0.0,3.2772782642152576e-06,0.0,0.0,0.0,0.0,0.0,0.0,0.0,0.0,0.0,1.0924260880717525e-06,0.00027296802121890967,-1.58618421981137e-12,293.15000000200445,2.3229720203836204e-07,3.105874340862762e-06,3.397635543254499e-14,2.0845472826102826e-24,1.0714648776482156e-26,1.1373952907951674e-15,9.67070008499404e-25,2.292803820512762e-12,1.8045485444984993e-12,2.279691608642029e-21,3.156938001235698e-23,1.0352897855060767e-06
209,0.0002777971666725891,1.0,10132.5,0.35,293.15,2338.1,0.001,998.2,11  1,0.25  0.75,1.0,1483.0,0,True,2.0829200744628906,39762,0.00015739331500827524,4896.387412171223,1.9790983735886826e-11,0.0,5.7346575660009254e-05,170.1413617095913,True,False,True,True,sin_impulse,NH3,-385165.5755975316,10476.759224512569,1.0,0.0002777971666725891,0.0,293.15,0.0,3.2772784436485365e-06,0.0,0.0,0.0,0.0,0.0,0.0,0.0,0.0,0.0,1.0924261478828453e-06,0.00027296770182349997,-3.744477604674505e-12,293.15000000476886,2.3229773890560354e-07,3.1058740870198387e-06,8.059651938029074e-14,2.0845537618322004e-24,9.942022843166054e-27,1.137392427186326e-15,2.2940208239958998e-24,2.2941018227253595e-12,1.8032757825545668e-12,2.278083792543997e-21,-8.707973182678844e-23,1.0352897088655095e-06
209,0.0002777971666725891,1.0,10132.5,0.35,293.15,2338.1,0.001,998.2,11  1,0.25  0.75,1.0,1483.0,0,True,3.1738812923431396,60810,0.00015739308981523235,4896.379304727052,1.9790886025973437e-11,0.0,5.734628461919426e-05,170.1413382250706,True,False,True,True,sin_impulse,NH3,-385165.8602074131,10476.780436779702,1.0,0.0002777971666725891,0.0,293.15,0.0,3.2772784436485365e-06,0.0,0.0,0.0,0.0,0.0,0.0,0.0,0.0,0.0,1.0924261478828453e-06,0.0002729677151816875,-2.5391046098442007e-12,293.1500000021073,2.32296557926618e-07,3.105875004564065e-06,3.5599202930881515e-14,2.0845419036784283e-24,1.072361553307955e-26,1.1373993691223617e-15,1.0132613765484445e-24,2.292088153375889e-12,1.805270291538327e-12,2.2806035471103263e-21,2.0046105210410805e-23,1.0352900068880143e-06
209,0.0002778785057087373,1.0,10132.5,0.35,293.15,2338.1,0.001,998.2,11  1,0.25  0.75,1.0,1483.0,0,True,1.7307581901550293,29570,0.000157177854245828,4881.456729399306,1.9623817168243434e-11,0.0,5.686735911952673e-05,170.1568227747436,True,False,True,True,sin_impulse,NH3,-384998.9642940096,10499.516174763692,1.0,0.0002778785057087373,0.0,293.15,0.0,3.2772317739420032e-06,0.0,0.0,0.0,0.0,0.0,0.0,0.0,0.0,0.0,1.0924105913140011e-06,0.00027309336888605644,-4.3024616589665005e-12,293.1500000053835,2.3001778383653566e-07,3.1075093974321664e-06,9.356947837815679e-14,2.064142302655144e-24,9.622498691252207e-27,1.1507397815952782e-15,2.6646732445473674e-24,2.263508962700857e-12,1.789332848014516e-12,2.260406530467099e-21,-2.122984886024582e-22,1.0358348316608497e-06
209,0.0002779598447448855,1.0,10132.5,0.35,293.15,2338.1,0.001,998.2,11  1,0.25  0.75,1.0,1483.0,0,True,1.5779693126678467,28983,0.0001569636291355675,4866.519616675566,1.9436450477342756e-11,0.0,5.639449623662438e-05,170.36860276512334,True,False,True,True,sin_impulse,NH3,-384832.0683806061,10522.273125014814,1.0,0.0002779598447448855,0.0,293.15,0.0,3.2771851315492633e-06,0.0,0.0,0.0,0.0,0.0,0.0,0.0,0.0,0.0,1.0923950438497545e-06,0.00027322398627523684,7.270744975201575e-13,293.1499999992638,2.2749501097800115e-07,3.1093240607229063e-06,-1.2686371781854613e-14,2.0415581568018414e-24,1.2274498730751168e-26,1.1657434531448858e-15,-3.6149365314723695e-25,2.2236751940795026e-12,1.7779350104454665e-12,2.2459417359229018e-21,1.596453928693283e-23,1.0364397206844907e-06
209,0.00027812252281718197,1.0,10132.5,0.35,293.15,2338.1,0.001,998.2,11  1,0.25  0.75,1.0,1483.0,0,True,2.416710376739502,43172,0.00015653883989689374,4836.634216586445,1.8998752338686952e-11,0.0,5.5467864369428615e-05,171.42973734308237,True,False,True,True,sin_impulse,NH3,-384498.27655379917,10567.78702551706,1.0,0.00027812252281718197,0.0,293.15,0.0,3.2770919286093088e-06,0.0,0.0,0.0,0.0,0.0,0.0,0.0,0.0,0.0,1.092363976203103e-06,0.000273500544819378,-3.4960153047904715e-12,293.1500000043257,2.2169805591840648e-07,3.113507836532297e-06,7.589820614000294e-14,1.989627561315322e-24,1.0953084701898074e-26,1.201089251755517e-15,2.165602531198043e-24,2.1439310745526604e-12,1.7348674423142386e-12,2.1914017641233997e-21,1.4857892917005634e-23,1.0378343754824667e-06
209,0.00027844787896177476,1.0,10132.5,0.35,293.15,2338.1,0.001,998.2,11  1,0.25  0.75,1.0,1483.0,0,True,1.845890998840332,31878,0.00015570370454843417,4776.817762256873,1.78654998585927e-11,0.0,5.368916620410521e-05,176.45797207242924,True,False,True,True,sin_impulse,NH3,-383830.6929001852,10658.814826521551,1.0,0.00027844787896177476,0.0,293.15,0.0,3.276905849442061e-06,0.0,0.0,0.0,0.0,0.0,0.0,0.0,0.0,0.0,1.0923019498140201e-06,0.00027411614408066534,-6.2308290535870084e-12,293.150000007773,2.070726399325023e-07,3.1241133019783867e-06,1.4608726710787334e-13,1.8585783135410784e-24,1.022594245508237e-26,1.2953042071241565e-15,4.182505206950873e-24,1.9245891573412985e-12,1.6306303273236793e-12,2.059451590062862e-21,4.585825674135401e-24,1.0413696675148138e-06
209,0.00027909859125096044,1.0,10132.5,0.35,293.15,2338.1,0.001,998.2,11  1,0.25  0.75,1.0,1483.0,0,True,1.954542875289917,38324,0.00015408968760737766,4657.076775930401,1.4710181003245044e-11,0.0,5.041502744484286e-05,201.23883182406695,True,False,True,True,sin_impulse,NH3,-382495.5255929573,10840.870428530534,1.0,0.00027909859125096044,0.0,293.15,0.0,3.2765349926261464e-06,0.0,0.0,0.0,0.0,0.0,0.0,0.0,0.0,0.0,1.092178330875382e-06,0.0002755583218560841,-3.4788180159167854e-12,293.1500000041534,1.6783742720227203e-07,3.1526945035619233e-06,9.233596019534002e-14,1.5068120811879776e-24,1.5755816802179957e-26,1.5824229155044983e-15,2.6677813012069566e-24,1.337959381353827e-12,1.3655104757959269e-12,1.724060026012072e-21,4.2442881878519706e-24,1.0508970537103868e-06
209,0.0002778785057087373,1.0,10132.5,0.35,293.15,2338.1,0.001,998.2,11  1,0.25  0.75,1.0,1483.0,0,True,1.6430323123931885,29570,0.000157177854245828,4881.456729399306,1.9623817168243434e-11,0.0,5.686735911952673e-05,170.1568227747436,True,False,True,True,sin_impulse,NH3,-384998.9642940096,10499.516174763692,1.0,0.0002778785057087373,0.0,293.15,0.0,3.2772317739420032e-06,0.0,0.0,0.0,0.0,0.0,0.0,0.0,0.0,0.0,1.0924105913140011e-06,0.00027309336888605644,-4.3024616589665005e-12,293.1500000053835,2.3001778383653566e-07,3.1075093974321664e-06,9.356947837815679e-14,2.064142302655144e-24,9.622498691252207e-27,1.1507397815952782e-15,2.6646732445473674e-24,2.263508962700857e-12,1.789332848014516e-12,2.260406530467099e-21,-2.122984886024582e-22,1.0358348316608497e-06
209,0.00027787881834567726,1.0,10132.5,0.35,293.15,2338.1,0.001,998.2,11  1,0.25  0.75,1.0,1483.0,0,True,1.7400736808776855,34056,0.0001571779101511124,4881.451207606361,1.962380014559514e-11,0.0,5.686733512693173e-05,170.1568985871385,True,False,True,True,sin_impulse,NH3,-384998.9642940096,10499.516174763692,1.0,0.00027787881834567726,0.0,293.15,0.0,3.277231594613754e-06,0.0,0.0,0.0,0.0,0.0,0.0,0.0,0.0,0.0,1.092410531537918e-06,0.0002730936909372646,-4.239948007250888e-12,293.1500000053207,2.300167705504044e-07,3.1075099671087782e-06,9.241520361845926e-14,2.0641335103515004e-24,9.7589606132687e-27,1.1507455538409476e-15,2.631802220474439e-24,2.2638231140611513e-12,1.7889815044287959e-12,2.2599596650066193e-21,-1.4148708796493459e-22,1.035835021431634e-06
209,0.0002778785057087373,1.0,10132.5,0.35,293.15,2338.1,0.001,998.2,11  1,0.25  0.75,1.0,1483.0,0,True,1.9543843269348145,37422,0.0001571778607606378,4881.4537557884905,1.9623780756507626e-11,0.0,5.6867261635868775e-05,170.15684681083917,True,False,True,True,sin_impulse,NH3,-384998.67968412815,10499.516174763692,1.0,0.0002778785057087373,0.0,293.15,0.0,3.2772317739420032e-06,0.0,0.0,0.0,0.0,0.0,0.0,0.0,0.0,0.0,1.0924105913140011e-06,0.00027309337380524476,-3.995352426875858e-12,293.15000000493075,2.3001734461174945e-07,3.1075097323491415e-06,8.397078591187797e-14,2.064129040661507e-24,1.002469294533217e-26,1.150742388779186e-15,2.3913214794422563e-24,2.263587301320209e-12,1.78924543123375e-12,2.260304565413647e-21,9.462987656013561e-24,1.0358349417176513e-06
209,0.0002778785057087373,1.0,10132.5,0.35,293.15,2338.1,0.001,998.2,11  1,0.25  0.75,1.0,1483.0,0,True,1.4966614246368408,28239,0.0001571776364853569,4881.4454037920605,1.9623674649822773e-11,0.0,5.6866974236678934e-05,170.15690690814407,True,False,True,True,sin_impulse,NH3,-384998.9642940096,10499.537387030825,1.0,0.0002778785057087373,0.0,293.15,0.0,3.2772317739420032e-06,0.0,0.0,0.0,0.0,0.0,0.0,0.0,0.0,0.0,1.0924105913140011e-06,0.00027309340189544945,-8.694440300101608e-13,293.150000001088,2.3001602991949133e-07,3.107510759144786e-06,1.860825055971814e-14,2.0641142098259694e-24,6.233377385053173e-28,1.1507502853860768e-15,5.299262800039508e-25,2.2616841583199842e-12,1.7911237373132946e-12,2.262668337957208e-21,8.743678182030815e-23,1.0358352727843188e-06
209,0.0002778145295046869,1.0,10132.5,0.35,293.15,2338.1,0.001,998.2,11  1,0.25  0.75,1.0,1483.0,0,True,1.9505810737609863,34437,0.00015721537473535298,4885.280727512481,1.9660922549420713e-11,0.0,5.6966079642197523e-05,170.1305228092903,True,False,True,True,sin_impulse,NH3,-385017.42940223083,10494.698987927244,1.0,0.0002778145295046869,0.0,293.15,0.0,3.2772684791232573e-06,0.0,0.0,0.0,0.0,0.0,0.0,0.0,0.0,0.0,1.092422826374419e-06,0.0002730179619009362,-4.280001144750331e-12,293.1500000052933,2.3064371369001022e-07,3.1070847415220034e-06,8.987527124296145e-14,2.0697277257578248e-24,9.898777043696937e-27,1.1470985582244194e-15,2.559119457206296e-24,2.273689586079622e-12,1.793837360884654e-12,2.2661354055121878e-21,1.1281234824259042e-23,1.0356932734311202e-06
209,0.00027775055330063643,1.0,10132.5,0.35,293.15,2338.1,0.001,998.2,11  1,0.25  0.75,1.0,1483.0,0,True,1.9286954402923584,36683,0.00015725295623962183,4889.104057275516,1.9696714714405723e-11,0.0,5.7065122349355226e-05,170.1166235578147,True,False,True,True,sin_impulse,NH3,-385035.8945104521,10489.881801090796,1.0,0.00027775055330063643,0.0,293.15,0.0,3.2773052012136286e-06,0.0,0.0,0.0,0.0,0.0,0.0,0.0,0.0,0.0,1.0924350670712094e-06,0.00027294286096811834,-3.891978668024447e-12,293.15000000491085,2.3125437990192093e-07,3.106671378560095e-06,8.329254019154558e-14,2.075135059628777e-24,9.920160502276182e-27,1.1435627464539843e-15,2.371366436531763e-24,2.283129958797411e-12,1.7986831724064568e-12,2.272209000905304e-21,1.04388863271112e-23,1.0355554791121174e-06
209,0.00027762260089253554,1.0,10132.5,0.35,293.15,2338.1,0.001,998.2,11  1,0.25  0.75,1.0,1483.0,0,True,1.8889946937561035,34988,0.0001573283010242798,4896.7487153655175,1.9764422826380388e-11,0.0,5.7264177029336156e-05,170.12521364191468,True,False,True,True,sin_impulse,NH3,-385072.8247268946,10480.2474274179,1.0,0.00027762260089253554,0.0,293.15,0.0,3.277378696168477e-06,0.0,0.0,0.0,0.0,0.0,0.0,0.0,0.0,0.0,1.0924595653894923e-06,0.00027279360204819625,-3.9983558128842815e-12,293.1500000050289,2.324304300804269e-07,3.105878113098308e-06,8.671593234076146e-14,2.0856796656152092e-24,9.599445567797346e-27,1.1368006815014858e-15,2.4682013606523624e-24,2.301679385283288e-12,1.8074960132438355e-12,2.283503579808596e-21,-6.284204319921915e-23,1.03529104727589e-06
209,0.0002773666960763338,1.0,10132.5,0.35,293.15,2338.1,0.001,998.2,11  1,0.25  0.75,1.0,1483.0,0,True,1.94468355178833,34718,0.00015747972162855604,4912.030295218287,1.9884773185426088e-11,0.0,5.766618225452858e-05,170.28263223424503,True,False,True,True,sin_impulse,NH3,-385146.68515977956,10460.978680072109,1.0,0.0002773666960763338,0.0,293.15,0.0,3.277525889502522e-06,0.0,0.0,0.0,0.0,0.0,0.0,0.0,0.0,0.0,1.092508629834174e-06,0.0002724987226516583,-1.0581688723412197e-12,293.1500000013247,2.34605732516125e-07,3.1044223671501665e-06,2.2293506897885533e-14,2.1053064070337624e-24,1.0700175146445625e-26,1.1244656862341921e-15,6.342440852463217e-25,2.3329818881820527e-12,1.8262039260746218e-12,2.3073192948521784e-21,3.0912712268908763e-23,1.0348057681074732e-06
209,0.0002768548864439303,1.0,10132.5,0.35,293.15,2338.1,0.001,998.2,11  1,0.25  0.75,1.0,1483.0,0,True,2.855672597885132,52582,0.00015778549941363316,4942.5642558400405,2.006908822625267e-11,0.0,5.8485911149985085e-05,171.11710110267222,True,False,True,True,sin_impulse,NH3,-385294.4060255496,10422.441185380527,1.0,0.0002768548864439303,0.0,293.15,0.0,3.2778210925004254e-06,0.0,0.0,0.0,0.0,0.0,0.0,0.0,0.0,0.0,1.0926070308334751e-06,0.0002719226149278147,-1.9440996520914026e-12,293.1500000024047,2.382884810965435e-07,3.102004612604284e-06,3.994915496770338e-14,2.1379045762211333e-24,1.0078334145528732e-26,1.10416597340154e-15,1.1356571900871999e-24,2.388713806692493e-12,1.852412251784906e-12,2.340709153328531e-21,2.2010317570947235e-23,1.0339998211967533e-06
209,0.00027775055330063643,1.0,10132.5,0.35,293.15,2338.1,0.001,998.2,11  1,0.25  0.75,1.0,1483.0,0,True,2.0522000789642334,36683,0.00015725295623962183,4889.104057275516,1.9696714714405723e-11,0.0,5.7065122349355226e-05,170.1166235578147,True,False,True,True,sin_impulse,NH3,-385035.8945104521,10489.881801090796,1.0,0.00027775055330063643,0.0,293.15,0.0,3.2773052012136286e-06,0.0,0.0,0.0,0.0,0.0,0.0,0.0,0.0,0.0,1.0924350670712094e-06,0.00027294286096811834,-3.891978668024447e-12,293.15000000491085,2.3125437990192093e-07,3.106671378560095e-06,8.329254019154558e-14,2.075135059628777e-24,9.920160502276182e-27,1.1435627464539843e-15,2.371366436531763e-24,2.283129958797411e-12,1.7986831724064568e-12,2.272209000905304e-21,1.04388863271112e-23,1.0355554791121174e-06
209,0.00027775086593757637,1.0,10132.5,0.35,293.15,2338.1,0.001,998.2,11  1,0.25  0.75,1.0,1483.0,0,True,1.6734015941619873,29975,0.00015725301198109883,4889.098544200584,1.9696705747524197e-11,0.0,5.706509745916558e-05,170.1166268029442,True,False,True,True,sin_impulse,NH3,-385035.8945104521,10489.881801090796,1.0,0.00027775086593757637,0.0,293.15,0.0,3.2773050217201176e-06,0.0,0.0,0.0,0.0,0.0,0.0,0.0,0.0,0.0,1.0924350072400391e-06,0.0002729432021638216,1.9142494266805324e-13,293.14999999948145,2.3125340737903137e-07,3.106671986221315e-06,-8.85647084407101e-15,2.0751836777440453e-24,1.162700721032914e-26,1.1435680673593476e-15,-2.5214673007521835e-25,2.2797193238429108e-12,1.8020599686278003e-12,2.276560461911291e-21,1.9325837244196954e-23,1.0355556657561528e-06
209,0.00027775055330063643,1.0,10132.5,0.35,293.15,2338.1,0.001,998.2,11  1,0.25  0.75,1.0,1483.0,0,True,3.4259815216064453,63391,0.00015725296288071063,4889.101185111572,1.969668237015712e-11,0.0,5.7065024133070843e-05,170.11661011646186,True,False,True,True,sin_impulse,NH3,-385035.60990057065,10489.881801090796,1.0,0.00027775055330063643,0.0,293.15,0.0,3.2773052012136286e-06,0.0,0.0,0.0,0.0,0.0,0.0,0.0,0.0,0.0,1.0924350670712094e-06,0.00027294287589996457,-1.386991284565453e-12,293.1500000020646,2.3125396220235933e-07,3.1066717254005234e-06,3.51142383922081e-14,2.075176673532912e-24,1.0815406152750883e-26,1.143565367541761e-15,9.997142010771535e-25,2.2810369408920177e-12,1.8007667299270508e-12,2.274926867131306e-21,1.9685606526988324e-23,1.0355555863517234e-06
209,0.00027775055330063643,1.0,10132.5,0.35,293.15,2338.1,0.001,998.2,11  1,0.25  0.75,1.0,1483.0,0,True,1.7655737400054932,30757,0.00015725273820087484,4889.092937207827,1.969658122268668e-11,0.0,5.706473500334456e-05,170.11662178358986,True,False,True,True,sin_impulse,NH3,-385035.8945104521,10489.903013357929,1.0,0.00027775055330063643,0.0,293.15,0.0,3.2773052012136286e-06,0.0,0.0,0.0,0.0,0.0,0.0,0.0,0.0,0.0,1.0924350670712094e-06,0.00027294289918064376,-4.709397285350845e-12,293.15000000591596,2.312527154803353e-07,3.1066725893005513e-06,1.0015961611814457e-13,2.0751670474113364e-24,9.8144496825726e-27,1.1435725650739031e-15,2.8515788234547548e-24,2.283565820997158e-12,1.7982157156129467e-12,2.2717041347226917e-21,1.0960243481348818e-23,1.0355558855918457e-06
209,0.00027773918222563556,1.0,10132.5,0.35,293.15,2338.1,0.001,998.2,11  1,0.25  0.75,1.0,1483.0,0,True,3.0154056549072266,45673,0.00015724758228942155,4888.668123101328,1.96894167415306e-11,0.0,5.70435544147208e-05,170.11535814557624,True,False,True,True,sin_impulse,NH3,-384993.01773113443,10490.303618930408,1.0,0.00027773918222563556,0.0,293.15,0.0,3.2773117299367935e-06,0.0,0.0,0.0,0.0,0.0,0.0,0.0,0.0,0.0,1.0924372433122646e-06,0.0002729329111869144,-2.9244933961689014e-12,293.15000000371793,2.3119397887786764e-07,3.106722612186144e-06,6.360361764262352e-14,2.0746361879339304e-24,1.0032510018406678e-26,1.143930151224305e-15,1.810846141653565e-24,2.2819830271658235e-12,1.7993763706534687e-12,2.2731755293766683e-21,2.727465631806936e-23,1.0355725537414712e-06
209,0.00027772781115063474,1.0,10132.5,0.35,293.15,2338.1,0.001,998.2,11  1,0.25  0.75,1.0,1483.0,0,True,3.473712205886841,61574,0.00015724220887782555,4888.232365376379,1.9682100261881935e-11,0.0,5.7021995122679777e-05,170.11427753410337,True,False,True,True,sin_impulse,NH3,-384950.14095181675,10490.725436770019,1.0,0.00027772781115063474,0.0,293.15,0.0,3.2773182591945726e-06,0.0,0.0,0.0,0.0,0.0,0.0,0.0,0.0,0.0,1.0924394197315242e-06,0.00027292295853319855,-1.7403498226562938e-12,293.1500000020974,2.3113335276406733e-07,3.106774024825665e-06,3.5642265454252043e-14,2.074086921935118e-24,1.081254525284664e-26,1.1442991074353633e-15,1.014780724460955e-24,2.2803335166897444e-12,1.800562452372897e-12,2.274678971879809e-21,1.9687359681260193e-23,1.0355896865844398e-06
209,0.000277705069000633,1.0,10132.5,0.35,293.15,2338.1,0.001,998.2,11  1,0.25  0.75,1.0,1483.0,0,True,1.759382963180542,31393,0.00015723146300949712,4887.360521728767,1.966741725571209e-11,0.0,5.6978901212019496e-05,170.1126204399283,True,False,True,True,sin_impulse,NH3,-384864.3873931813,10491.569072449242,1.0,0.000277705069000633,0.0,293.15,0.0,3.2773313193142354e-06,0.0,0.0,0.0,0.0,0.0,0.0,0.0,0.0,0.0,1.0924437731047451e-06,0.00027290307696276587,-4.6765249838154585e-12,293.15000000596893,2.3101140707490627e-07,3.1068772495039764e-06,1.011126692711626e-13,2.072986690308374e-24,9.875716039685024e-27,1.1450413042234961e-15,2.8789022209747844e-24,2.2821663654623524e-12,1.7977862750144193e-12,2.2711819289064234e-21,1.1410452934179845e-23,1.035624106498978e-06
209,0.0002776595847006296,1.0,10132.5,0.35,293.15,2338.1,0.001,998.2,11  1,0.25  0.75,1.0,1483.0,0,True,1.6875603199005127,29700,0.00015720997511660064,4885.616209579969,1.9637836946029352e-11,0.0,5.689281282326006e-05,170.11145243739517,True,False,True,True,sin_impulse,NH3,-384692.8802759106,10493.256343807685,1.0,0.0002776595847006296,0.0,293.15,0.0,3.2773574459718207e-06,0.0,0.0,0.0,0.0,0.0,0.0,0.0,0.0,0.0,1.092452481990607e-06,0.00027286333835765427,3.6135844810827015e-13,293.14999999954296,2.3076475318238493e-07,3.1070859729808597e-06,-7.481221319704472e-15,2.0707558073526056e-24,1.2045351458942882e-26,1.1465432937579548e-15,-2.130212565912438e-25,2.275617768059122e-12,1.802368712017218e-12,2.2769913442328837e-21,2.54490505203107e-23,1.0356936627831853e-06
209,0.0002775686161006228,1.0,10132.5,0.35,293.15,2338.1,0.001,998.2,11  1,0.25  0.75,1.0,1483.0,0,True,1.65916109085083,28264,0.00015716701570473292,4882.125944628208,1.9577848049099163e-11,0.0,5.672103148609751e-05,170.11748863206694,True,False,True,True,sin_impulse,NH3,-384349.86604136904,10496.630886524576,1.0,0.0002775686161006228,0.0,293.15,0.0,3.2774097249747522e-06,0.0,0.0,0.0,0.0,0.0,0.0,0.0,0.0,0.0,1.0924699083249174e-06,0.00027278411826200044,2.526694549823712e-13,293.1499999996862,2.302603174413417e-07,3.1075114399113143e-06,-5.31808890804847e-15,2.066197137441044e-24,1.067975871722469e-26,1.149618855936656e-15,-1.5144868527522335e-25,2.2723897853991556e-12,1.8013379563973334e-12,2.2757297027463563e-21,-1.6128689490607515e-22,1.0358354870437115e-06
209,0.0002776595847006296,1.0,10132.5,0.35,293.15,2338.1,0.001,998.2,11  1,0.25  0.75,1.0,1483.0,0,True,1.6866893768310547,29700,0.00015720997511660064,4885.616209579969,1.9637836946029352e-11,0.0,5.689281282326006e-05,170.11145243739517,True,False,True,True,sin_impulse,NH3,-384692.8802759106,10493.256343807685,1.0,0.0002776595847006296,0.0,293.15,0.0,3.2773574459718207e-06,0.0,0.0,0.0,0.0,0.0,0.0,0.0,0.0,0.0,1.092452481990607e-06,0.00027286333835765427,3.6135844810827015e-13,293.14999999954296,2.3076475318238493e-07,3.1070859729808597e-06,-7.481221319704472e-15,2.0707558073526056e-24,1.2045351458942882e-26,1.1465432937579548e-15,-2.130212565912438e-25,2.275617768059122e-12,1.802368712017218e-12,2.2769913442328837e-21,2.54490505203107e-23,1.0356936627831853e-06
209,0.0002776598973375695,1.0,10132.5,0.35,293.15,2338.1,0.001,998.2,11  1,0.25  0.75,1.0,1483.0,0,True,2.4907116889953613,43361,0.00015721003126221907,4885.610625819548,1.963782464577964e-11,0.0,5.689278877236222e-05,170.1114870745039,True,False,True,True,sin_impulse,NH3,-384692.8802759106,10493.256343807685,1.0,0.0002776598973375695,0.0,293.15,0.0,3.2773572663606767e-06,0.0,0.0,0.0,0.0,0.0,0.0,0.0,0.0,0.0,1.0924524221202256e-06,0.00027286367225193303,-3.284167471574236e-12,293.15000000402193,2.3076376150572615e-07,3.107086451552174e-06,6.856995122037946e-14,2.070748708292312e-24,1.0073986853188038e-26,1.1465488146425376e-15,1.9524702654656476e-24,2.2794918127340592e-12,1.798462321962653e-12,2.272056129998869e-21,1.5555772441666227e-23,1.0356938356440088e-06
209,0.0002776595847006296,1.0,10132.5,0.35,293.15,2338.1,0.001,998.2,11  1,0.25  0.75,1.0,1483.0,0,True,1.9450147151947021,33840,0.00015720998171378525,4885.613549560553,1.9637804273002507e-11,0.0,5.689271499982013e-05,170.11144296987007,True,False,True,True,sin_impulse,NH3,-384692.59566602914,10493.256343807685,1.0,0.0002776595847006296,0.0,293.15,0.0,3.2773574459718207e-06,0.0,0.0,0.0,0.0,0.0,0.0,0.0,0.0,0.0,1.092452481990607e-06,0.0002728633555452731,-1.295189829386669e-12,293.15000000162036,2.3076432563333384e-07,3.1070862523815976e-06,2.7637443949160403e-14,2.0707651233053188e-24,1.0906742309989623e-26,1.1465457295635302e-15,7.86952337535312e-25,2.2780291242848333e-12,1.799951564950722e-12,2.2739399351199656e-21,3.1846758790010014e-23,1.0356937621746806e-06
209,0.0002776595847006296,1.0,10132.5,0.35,293.15,2338.1,0.001,998.2,11  1,0.25  0.75,1.0,1483.0,0,True,1.655447006225586,29814,0.00015720975730233885,4885.605236749681,1.963770082397105e-11,0.0,5.68924272344247e-05,170.1114786620456,True,False,True,True,sin_impulse,NH3,-384692.8802759106,10493.277556074818,1.0,0.0002776595847006296,0.0,293.15,0.0,3.2773574459718207e-06,0.0,0.0,0.0,0.0,0.0,0.0,0.0,0.0,0.0,1.092452481990607e-06,0.0002728633806901421,4.700745400332853e-13,293.14999999990556,2.307630462054506e-07,3.1070872227078585e-06,-1.5632664043500943e-15,2.070824209172649e-24,1.1547545570178295e-26,1.1465534600091479e-15,-4.4512673812596823e-26,2.2767901053565523e-12,1.8011661332847244e-12,2.275472136788136e-21,2.009276498513984e-23,1.0356940805556782e-06
209,0.00027758347883876966,1.0,10132.5,0.35,293.15,2338.1,0.001,998.2,11  1,0.25  0.75,1.0,1483.0,0,True,1.78493070602417,31913,0.00015723694089326374,4888.817199687987,1.9663840150389e-11,0.0,5.6963301923013815e-05,170.09698538524813,True,False,True,True,sin_impulse,NH3,-384673.942776865,10489.34673792099,1.0,0.00027758347883876966,0.0,293.15,0.0,3.2774011811237313e-06,0.0,0.0,0.0,0.0,0.0,0.0,0.0,0.0,0.0,1.092467060374577e-06,0.00027277811405838475,-1.3477163668389825e-14,293.15000000007257,2.312869657040006e-07,3.1067450193106317e-06,-5.3028463177421464e-15,2.075411054138419e-24,1.2688543528778292e-26,1.1435442282481132e-15,-1.5097807792781747e-25,2.285565613372501e-12,1.8058303206292376e-12,2.281409213622627e-21,2.3444014704704167e-23,1.035580006877593e-06
209,0.00027750737297690974,1.0,10132.5,0.35,293.15,2338.1,0.001,998.2,11  1,0.25  0.75,1.0,1483.0,0,True,1.7702250480651855,33347,0.00015726394774724607,4892.01777604018,1.9688937946198903e-11,0.0,5.703398511741279e-05,170.0909567444186,True,False,True,True,sin_impulse,NH3,-384655.00527781935,10485.437132034298,1.0,0.00027750737297690974,0.0,293.15,0.0,3.277444940264205e-06,0.0,0.0,0.0,0.0,0.0,0.0,0.0,0.0,0.0,1.092481646754735e-06,0.00027269311262981104,-1.4222746288808964e-12,293.15000000177497,2.3179879470026754e-07,3.106411723317681e-06,3.01655697841234e-14,2.0799793149126894e-24,1.0736545958682453e-26,1.1406172167101797e-15,8.587520589529605e-25,2.29583180905284e-12,1.8087044325201785e-12,2.285082793611702e-21,3.229466821738766e-23,1.0354689092670164e-06
209,0.0002773551612531899,1.0,10132.5,0.35,293.15,2338.1,0.001,998.2,11  1,0.25  0.75,1.0,1483.0,0,True,3.4579458236694336,64847,0.000157318083724509,4898.417538231202,1.9736445305230458e-11,0.0,5.717593358196275e-05,170.1038430468403,True,False,True,True,sin_impulse,NH3,-384617.1302797281,10477.61792026091,1.0,0.0002773551612531899,0.0,293.15,0.0,3.277532530589828e-06,0.0,0.0,0.0,0.0,0.0,0.0,0.0,0.0,0.0,1.0925108435299425e-06,0.0002725237199702549,-6.409683340550351e-10,293.1500000088965,2.3279165115543014e-07,3.105768028850218e-06,3.342556543464399e-14,2.0888161707333417e-24,1.0683874995849041e-26,1.1349752854956859e-15,9.51360275083972e-25,2.3127750702897155e-12,1.817247555790858e-12,2.2959636084958222e-21,2.0513899633640104e-23,1.0352543350713415e-06
209,0.00027705073780575024,1.0,10132.5,0.35,293.15,2338.1,0.001,998.2,11  1,0.25  0.75,1.0,1483.0,0,True,3.5174436569213867,64684,0.00015742684683697653,4911.211921555856,1.982100334014301e-11,0.0,5.746216339192526e-05,170.2260941157611,True,False,True,True,sin_impulse,NH3,-384541.3802835456,10461.979496714133,1.0,0.00027705073780575024,0.0,293.15,0.0,3.2777079999739145e-06,0.0,0.0,0.0,0.0,0.0,0.0,0.0,0.0,0.0,1.0925693333246383e-06,0.00027218746087001746,-1.5172765561816455e-09,293.1500000152207,2.3465655076362198e-07,3.1045701145879757e-06,3.182476763159913e-14,2.1054207132857814e-24,1.0536597451634663e-26,1.1245113709164847e-15,9.05448892024753e-25,2.3446913971430165e-12,1.8331736765285624e-12,2.3162607008767576e-21,2.140476460406934e-23,1.0348550114538887e-06
209,0.00027644189091087084,1.0,10132.5,0.35,293.15,2338.1,0.001,998.2,11  1,0.25  0.75,1.0,1483.0,0,True,2.7634811401367188,50345,0.00015764634372553667,4936.780832803004,1.9950590586157467e-11,0.0,5.804401011451865e-05,170.83287466915456,True,False,True,True,sin_impulse,NH3,-384389.88029118057,10430.702649620584,1.0,0.00027644189091087084,0.0,293.15,0.0,3.2780600981248716e-06,0.0,0.0,0.0,0.0,0.0,0.0,0.0,0.0,0.0,1.0926866993749572e-06,0.00027152445458111037,-2.042850781625064e-12,293.15000000269134,2.379251200526096e-07,3.1025159686232657e-06,4.463345625173839e-14,2.134489768450398e-24,9.978762434828164e-27,1.1066382814741372e-15,1.269029618078725e-24,2.4010032215710494e-12,1.860408262017622e-12,2.3510248576497644e-21,2.0983975070755275e-23,1.0341702658881268e-06
209,0.00027750737297690974,1.0,10132.5,0.35,293.15,2338.1,0.001,998.2,11  1,0.25  0.75,1.0,1483.0,0,True,1.7826125621795654,33347,0.00015726394774724607,4892.01777604018,1.9688937946198903e-11,0.0,5.703398511741279e-05,170.0909567444186,True,False,True,True,sin_impulse,NH3,-384655.00527781935,10485.437132034298,1.0,0.00027750737297690974,0.0,293.15,0.0,3.277444940264205e-06,0.0,0.0,0.0,0.0,0.0,0.0,0.0,0.0,0.0,1.092481646754735e-06,0.00027269311262981104,-1.4222746288808964e-12,293.15000000177497,2.3179879470026754e-07,3.106411723317681e-06,3.01655697841234e-14,2.0799793149126894e-24,1.0736545958682453e-26,1.1406172167101797e-15,8.587520589529605e-25,2.29583180905284e-12,1.8087044325201785e-12,2.285082793611702e-21,3.229466821738766e-23,1.0354689092670164e-06
209,0.0002775076856138497,1.0,10132.5,0.35,293.15,2338.1,0.001,998.2,11  1,0.25  0.75,1.0,1483.0,0,True,2.349050998687744,44591,0.00015726400377645534,4892.012290626485,1.968892831819445e-11,0.0,5.7033960713104936e-05,170.09096713955793,True,False,True,True,sin_impulse,NH3,-384655.00527781935,10485.437132034298,1.0,0.0002775076856138497,0.0,293.15,0.0,3.2774447604559764e-06,0.0,0.0,0.0,0.0,0.0,0.0,0.0,0.0,0.0,1.0924815868186589e-06,0.00027269344416994633,-3.3430883979108636e-12,293.1500000041725,2.317978358892478e-07,3.1064122093658494e-06,7.057832228432178e-14,2.0799641390956508e-24,1.0312205495514123e-26,1.1406224978444113e-15,2.0092207481769294e-24,2.2974168963682635e-12,1.8070843699480361e-12,2.2830359394107907e-21,1.0942222690426266e-23,1.0354690783002295e-06
209,0.00027750737297690974,1.0,10132.5,0.35,293.15,2338.1,0.001,998.2,11  1,0.25  0.75,1.0,1483.0,0,True,2.445744514465332,37546,0.00015726395421041456,4892.015078171238,1.968890206483302e-11,0.0,5.703388712941784e-05,170.09097449330503,True,False,True,True,sin_impulse,NH3,-384654.7206679379,10485.437132034298,1.0,0.00027750737297690974,0.0,293.15,0.0,3.277444940264205e-06,0.0,0.0,0.0,0.0,0.0,0.0,0.0,0.0,0.0,1.092481646754735e-06,0.00027269310635150043,-3.784327095551334e-12,293.1500000047701,2.3179838827758543e-07,3.106411987271045e-06,8.065107642096365e-14,2.079967486178074e-24,9.93456524788655e-27,1.1406196754421674e-15,2.2959713296159444e-24,2.2977717715146357e-12,1.8067556851712558e-12,2.2826207136629215e-21,-4.458091564125753e-25,1.0354690059934824e-06
209,0.00027750737297690974,1.0,10132.5,0.35,293.15,2338.1,0.001,998.2,11  1,0.25  0.75,1.0,1483.0,0,True,2.511443614959717,41420,0.00015726372966335278,4892.006784659819,1.9688804950735488e-11,0.0,5.703359805283251e-05,170.09095134764155,True,False,True,True,sin_impulse,NH3,-384655.00527781935,10485.45834430143,1.0,0.00027750737297690974,0.0,293.15,0.0,3.277444940264205e-06,0.0,0.0,0.0,0.0,0.0,0.0,0.0,0.0,0.0,1.092481646754735e-06,0.0002726931380092393,-3.194303233632898e-12,293.1500000040186,2.317971642186196e-07,3.1064128960398057e-06,6.97630747231937e-14,2.0799592293521983e-24,9.728792219975824e-27,1.1406267875642836e-15,1.986012966113364e-24,2.297312543358338e-12,1.8071941828335287e-12,2.2831746478315385e-21,-2.1577744068733525e-23,1.0354693070355532e-06
209,0.00027748349365739624,1.0,10132.5,0.35,293.15,2338.1,0.001,998.2,11  1,0.25  0.75,1.0,1483.0,0,True,2.842668294906616,52321,0.00015725016223412487,4892.361972172918,1.968882390380186e-11,0.0,5.703328240892397e-05,170.08984627087403,True,False,True,True,sin_impulse,NH3,-384692.12224009,10486.278280981924,1.0,0.00027748349365739624,0.0,293.15,0.0,3.277458675277416e-06,0.0,0.0,0.0,0.0,0.0,0.0,0.0,0.0,0.0,1.092486225092472e-06,0.0002726684209355285,-2.0855677824030555e-12,293.1500000026205,2.318604295550963e-07,3.1063801918505035e-06,4.4314344765915986e-14,2.0805155807723226e-24,1.0593118542105651e-26,1.140280799163657e-15,1.2615259172637036e-24,2.2977697053367036e-12,1.8091429053728519e-12,2.2856495227386965e-21,1.9664310539130268e-23,1.0354584002710234e-06
209,0.00027745961433788273,1.0,10132.5,0.35,293.15,2338.1,0.001,998.2,11  1,0.25  0.75,1.0,1483.0,0,True,2.345147132873535,42584,0.0001572363780493591,4892.706212258859,1.9688700548909042e-11,0.0,5.703258031335488e-05,170.08881806211113,True,False,True,True,sin_impulse,NH3,-384729.2392023607,10487.119429929551,1.0,0.00027745961433788273,0.0,293.15,0.0,3.2774724126548097e-06,0.0,0.0,0.0,0.0,0.0,0.0,0.0,0.0,0.0,1.0924908042182698e-06,0.00027264373302537015,-3.481912096187597e-12,293.1500000043613,2.319219671434245e-07,3.1063487203039785e-06,7.370938972669372e-14,2.081059305482435e-24,1.0348418748567499e-26,1.139945203884253e-15,2.0983129544214286e-24,2.300675228788894e-12,1.8086108552441274e-12,2.2849899730179326e-21,8.989606512196085e-24,1.0354479139524516e-06
209,0.00027741185569885566,1.0,10132.5,0.35,293.15,2338.1,0.001,998.2,11  1,0.25  0.75,1.0,1483.0,0,True,1.6104261875152588,28924,0.0001572088149708891,4893.394281264856,1.9688426748098393e-11,0.0,5.703118205580063e-05,170.0870133391864,True,False,True,True,sin_impulse,NH3,-384803.473126902,10488.801727824804,1.0,0.00027741185569885566,0.0,293.15,0.0,3.2774998945045917e-06,0.0,0.0,0.0,0.0,0.0,0.0,0.0,0.0,0.0,1.0924999648348638e-06,0.0002725943726705746,-3.262009939401602e-13,293.150000000413,2.3204474963375405e-07,3.1062861120216157e-06,3.9944131327264133e-16,2.0821415817367983e-24,1.2411925984370643e-26,1.1392760763300246e-15,1.1370106109207572e-26,2.2998941281629385e-12,1.8141400141082449e-12,2.292001092729553e-21,1.6928449086651232e-23,1.0354270298027494e-06
209,0.00027731633842080164,1.0,10132.5,0.35,293.15,2338.1,0.001,998.2,11  1,0.25  0.75,1.0,1483.0,0,True,3.7339460849761963,64225,0.00015715370793448953,4894.771574051881,1.9687763793330298e-11,0.0,5.7028403741434054e-05,170.08445456617326,True,False,True,True,sin_impulse,NH3,-384951.9409759847,10492.166323615309,1.0,0.00027731633842080164,0.0,293.15,0.0,3.2775548866012352e-06,0.0,0.0,0.0,0.0,0.0,0.0,0.0,0.0,0.0,1.092518295533745e-06,0.0002724956764646959,-4.912421220092833e-10,293.15000000802405,2.3228915440145378e-07,3.1061616303556496e-06,3.367309169212544e-14,2.0842967108620606e-24,1.0716193253845049e-26,1.1379467325225252e-15,9.585268444088595e-25,2.308083576839286e-12,1.815424064477374e-12,2.293674240097291e-21,2.0366458349737527e-23,1.0353855380885473e-06
209,0.00027712530386469347,1.0,10132.5,0.35,293.15,2338.1,0.001,998.2,11  1,0.25  0.75,1.0,1483.0,0,True,2.0915961265563965,37012,0.00015704357193845018,4897.526526421301,1.9685974961142908e-11,0.0,5.702292286953971e-05,170.08356194041596,True,False,True,True,sin_impulse,NH3,-385248.87667415,10498.895515196322,1.0,0.00027712530386469347,0.0,293.15,0.0,3.277664984519874e-06,0.0,0.0,0.0,0.0,0.0,0.0,0.0,0.0,0.0,1.092554994839958e-06,0.00027229836483560164,-4.367272924970021e-12,293.15000000549105,2.3277332966190804e-07,3.105916211194227e-06,9.232710151147682e-14,2.0885677612492932e-24,1.0192993619753404e-26,1.135323412248477e-15,2.627944395562563e-24,2.322983609390721e-12,1.8193951149549417e-12,2.2987936182360686e-21,1.7073943724108411e-23,1.0353037345261937e-06
209,0.00027712530386469347,1.0,10132.5,0.35,293.15,2338.1,0.001,998.2,11  1,0.25  0.75,1.0,1483.0,0,True,2.066284656524658,37012,0.00015704357193845018,4897.526526421301,1.9685974961142908e-11,0.0,5.702292286953971e-05,170.08356194041596,True,False,True,True,sin_impulse,NH3,-385248.87667415,10498.895515196322,1.0,0.00027712530386469347,0.0,293.15,0.0,3.277664984519874e-06,0.0,0.0,0.0,0.0,0.0,0.0,0.0,0.0,0.0,1.092554994839958e-06,0.00027229836483560164,-4.367272924970021e-12,293.15000000549105,2.3277332966190804e-07,3.105916211194227e-06,9.232710151147682e-14,2.0885677612492932e-24,1.0192993619753404e-26,1.135323412248477e-15,2.627944395562563e-24,2.322983609390721e-12,1.8193951149549417e-12,2.2987936182360686e-21,1.7073943724108411e-23,1.0353037345261937e-06
209,0.0002771256165016334,1.0,10132.5,0.35,293.15,2338.1,0.001,998.2,11  1,0.25  0.75,1.0,1483.0,0,True,3.488156318664551,64558,0.00015704362803600102,4897.52123165314,1.9685968946844907e-11,0.0,5.7022898010885776e-05,170.083539756478,True,False,True,True,sin_impulse,NH3,-385248.87667415,10498.895515196322,1.0,0.0002771256165016334,0.0,293.15,0.0,3.2776648042155036e-06,0.0,0.0,0.0,0.0,0.0,0.0,0.0,0.0,0.0,1.0925549347385013e-06,0.0002722987001956285,-1.7607408260039417e-10,293.15000000714303,2.327723985051561e-07,3.105916770615554e-06,3.305353631592426e-14,2.088557871779987e-24,1.0670313085147423e-26,1.1353285628010212e-15,9.408166130756269e-25,2.3203250138084774e-12,1.8220199756916582e-12,2.302109948533705e-21,2.068275250812704e-23,1.035303910694825e-06
209,0.00027712530386469347,1.0,10132.5,0.35,293.15,2338.1,0.001,998.2,11  1,0.25  0.75,1.0,1483.0,0,True,1.9257762432098389,30690,0.00015704357871369203,4897.523662069666,1.9685945022641976e-11,0.0,5.70228248066942e-05,170.08352810978457,True,False,True,True,sin_impulse,NH3,-385248.59206426854,10498.895515196322,1.0,0.00027712530386469347,0.0,293.15,0.0,3.277664984519874e-06,0.0,0.0,0.0,0.0,0.0,0.0,0.0,0.0,0.0,1.092554994839958e-06,0.00027229838043218,-4.634972051916384e-12,293.1500000057199,2.3277293566141792e-07,3.1059164943063893e-06,9.630702213777915e-14,2.088563885064421e-24,9.510174001844291e-27,1.1353257155611257e-15,2.7412267733944185e-24,2.3227765105380527e-12,1.8195940676428463e-12,2.299045069984849e-21,1.3915680165173986e-23,1.035303829529745e-06
209,0.00027712530386469347,1.0,10132.5,0.35,293.15,2338.1,0.001,998.2,11  1,0.25  0.75,1.0,1483.0,0,True,3.277369976043701,64207,0.00015704335424851309,4897.515692272944,1.968585173054636e-11,0.0,5.7022536041962266e-05,170.08347283242895,True,False,True,True,sin_impulse,NH3,-385248.87667415,10498.916727463455,1.0,0.00027712530386469347,0.0,293.15,0.0,3.277664984519874e-06,0.0,0.0,0.0,0.0,0.0,0.0,0.0,0.0,0.0,1.092554994839958e-06,0.0002722984085826106,2.407222570114528e-10,293.15000000054397,2.3277176035330484e-07,3.1059174148566858e-06,3.30534074933167e-14,2.0885520384070044e-24,1.0670336123653796e-26,1.1353325147946408e-15,9.408131411900374e-25,2.320328507534125e-12,1.8220232526368424e-12,2.3021142321502084e-21,2.0682766086043657e-23,1.0353041254390192e-06
209,0.00027716959808972544,1.0,10132.5,0.35,293.15,2338.1,0.001,998.2,11  1,0.25  0.75,1.0,1483.0,0,True,1.60776686668396,28371,0.0001569292048544044,4889.862886635312,1.9603800680299565e-11,0.0,5.677875525085046e-05,170.06517307230644,True,False,True,True,sin_impulse,NH3,-385187.38331013557,10510.967311392926,1.0,0.00027716959808972544,0.0,293.15,0.0,3.277639443152239e-06,0.0,0.0,0.0,0.0,0.0,0.0,0.0,0.0,0.0,1.0925464810507462e-06,0.0002723647174569477,3.116880588885488e-13,293.149999999636,2.31632303330509e-07,3.106732451953331e-06,-6.086335281523378e-15,2.0783515911316477e-24,9.141298493656982e-27,1.1419443926944431e-15,-1.7328334117350855e-25,2.3027462857041246e-12,1.8171997562336493e-12,2.29598544556301e-21,-3.473110707804804e-22,1.0355758062171e-06
209,0.00027721389231475746,1.0,10132.5,0.35,293.15,2338.1,0.001,998.2,11  1,0.25  0.75,1.0,1483.0,0,True,3.140882968902588,53284,0.00015681517938031736,4882.198555560434,1.951644932634036e-11,0.0,5.653629172796652e-05,170.09686417499842,True,False,True,True,sin_impulse,NH3,-385125.88994612114,10523.03910758953,1.0,0.00027721389231475746,0.0,293.15,0.0,3.2776139099467865e-06,0.0,0.0,0.0,0.0,0.0,0.0,0.0,0.0,0.0,1.092537969982262e-06,0.0002724323361037602,-2.1192906581020313e-12,293.1500000028193,2.3042852270864883e-07,3.107594888683367e-06,4.7907776412400405e-14,2.0675785896193545e-24,1.0528813735050071e-26,1.1489858810592595e-15,1.3643558390914115e-24,2.2890654530091165e-12,1.8066936474093714e-12,2.282676466778305e-21,1.91371222489961e-23,1.0358633039359446e-06
209,0.00027730248076482145,1.0,10132.5,0.35,293.15,2338.1,0.001,998.2,11  1,0.25  0.75,1.0,1483.0,0,True,2.3029444217681885,37595,0.0001565881481533996,4866.868348396713,1.9325816391490904e-11,0.0,5.6056440600898377e-05,170.3167907475617,True,False,True,True,sin_impulse,NH3,-385002.90321809234,10547.182699982739,1.0,0.00027730248076482145,0.0,293.15,0.0,3.2775628680067807e-06,0.0,0.0,0.0,0.0,0.0,0.0,0.0,0.0,0.0,1.0925209560022602e-06,0.00027257148106809925,-4.725813738185277e-12,293.1500000058923,2.2782847220413778e-07,3.1094619107089104e-06,1.0066491636175073e-13,2.044300681127455e-24,1.0840884512210963e-26,1.1643833633741362e-15,2.8685381339781773e-24,2.2545707420719656e-12,1.7874757658706398e-12,2.2583246582444336e-21,2.2250842193278765e-23,1.0364856745034428e-06
209,0.00027747965766494937,1.0,10132.5,0.35,293.15,2338.1,0.001,998.2,11  1,0.25  0.75,1.0,1483.0,0,True,1.639225721359253,30148,0.0001561381381379732,4836.20218967686,1.8878644207183045e-11,0.0,5.511678701027979e-05,171.42844563406445,True,False,True,True,sin_impulse,NH3,-384756.9297620347,10595.469884769156,1.0,0.00027747965766494937,0.0,293.15,0.0,3.277460881900994e-06,0.0,0.0,0.0,0.0,0.0,0.0,0.0,0.0,0.0,1.0924869606336645e-06,0.0002728659051995626,2.3390885337901433e-13,293.1499999998012,2.2183719820436007e-07,3.1137801847043852e-06,-3.4007368770270135e-15,1.990645349939931e-24,1.2707706066203504e-26,1.2007841185142497e-15,-9.704165697506047e-26,2.1622654092980133e-12,1.7507679991173764e-12,2.2118010944636666e-21,2.1305223693840756e-23,1.0379251309284796e-06
209,0.0002778340114652053,1.0,10132.5,0.35,293.15,2338.1,0.001,998.2,11  1,0.25  0.75,1.0,1483.0,0,True,3.426910161972046,63587,0.00015525409329149374,4774.842363120079,1.7714842079997522e-11,0.0,5.3315687265157463e-05,176.7207406237789,True,False,True,True,sin_impulse,NH3,-384264.9828499193,10692.044254341989,1.0,0.0002778340114652053,0.0,293.15,0.0,3.277257299913396e-06,0.0,0.0,0.0,0.0,0.0,0.0,0.0,0.0,0.0,1.092419099971132e-06,0.00027352024553930864,2.5916195581826295e-09,293.14999998715473,2.0667133407444017e-07,3.1247663734851873e-06,5.929780923095095e-14,1.8547770723100454e-24,1.261223108753332e-26,1.298285977434093e-15,1.698061941409313e-24,1.9313764625451603e-12,1.641435904534442e-12,2.0733744371545594e-21,1.1762300848452641e-23,1.0415873358854485e-06
209,0.00027716959808972544,1.0,10132.5,0.35,293.15,2338.1,0.001,998.2,11  1,0.25  0.75,1.0,1483.0,0,True,1.5862720012664795,28371,0.0001569292048544044,4889.862886635312,1.9603800680299565e-11,0.0,5.677875525085046e-05,170.06517307230644,True,False,True,True,sin_impulse,NH3,-385187.38331013557,10510.967311392926,1.0,0.00027716959808972544,0.0,293.15,0.0,3.277639443152239e-06,0.0,0.0,0.0,0.0,0.0,0.0,0.0,0.0,0.0,1.0925464810507462e-06,0.0002723647174569477,3.116880588885488e-13,293.149999999636,2.31632303330509e-07,3.106732451953331e-06,-6.086335281523378e-15,2.0783515911316477e-24,9.141298493656982e-27,1.1419443926944431e-15,-1.7328334117350855e-25,2.3027462857041246e-12,1.8171997562336493e-12,2.29598544556301e-21,-3.473110707804804e-22,1.0355758062171e-06
209,0.0002771699107266654,1.0,10132.5,0.35,293.15,2338.1,0.001,998.2,11  1,0.25  0.75,1.0,1483.0,0,True,3.4210944175720215,59833,0.00015692926083284769,4889.857365296024,1.9603787395617094e-11,0.0,5.6778731104444804e-05,170.0652159945194,True,False,True,True,sin_impulse,NH3,-385187.38331013557,10510.967311392926,1.0,0.0002771699107266654,0.0,293.15,0.0,3.2776392629054944e-06,0.0,0.0,0.0,0.0,0.0,0.0,0.0,0.0,0.0,1.092546420968498e-06,0.0002723650379228024,-1.6819136477390405e-12,293.15000000212586,2.3163132874578116e-07,3.1067329544862326e-06,3.59927884984657e-14,2.0783448999390197e-24,1.0708434798686057e-26,1.1419496679058029e-15,1.0247470006558502e-24,2.30507235244831e-12,1.8148405101307367e-12,2.2930044382256055e-21,2.0302567536679705e-23,1.0355759811455113e-06
209,0.00027716959808972544,1.0,10132.5,0.35,293.15,2338.1,0.001,998.2,11  1,0.25  0.75,1.0,1483.0,0,True,2.432905912399292,46947,0.00015692921145315825,4889.860030753257,1.9603768622956818e-11,0.0,5.677865752605391e-05,170.06515846553373,True,False,True,True,sin_impulse,NH3,-385187.0987002541,10510.967311392926,1.0,0.00027716959808972544,0.0,293.15,0.0,3.277639443152239e-06,0.0,0.0,0.0,0.0,0.0,0.0,0.0,0.0,0.0,1.0925464810507462e-06,0.00027236473234939487,-2.701823912386089e-12,293.1500000033809,2.3163188655536025e-07,3.1067327001478664e-06,5.694256754793575e-14,2.078350183366037e-24,1.0478179683069197e-26,1.1419467694941543e-15,1.6212058577084538e-24,2.3060663546856724e-12,1.8138735880704695e-12,2.291782908008627e-21,1.9580547908968072e-23,1.035575900009834e-06
209,0.00027716959808972544,1.0,10132.5,0.35,293.15,2338.1,0.001,998.2,11  1,0.25  0.75,1.0,1483.0,0,True,1.812997579574585,33279,0.00015692898785667575,4889.8517256284495,1.9603668151716466e-11,0.0,5.677837050471021e-05,170.06517037120074,True,False,True,True,sin_impulse,NH3,-385187.38331013557,10510.988523660058,1.0,0.00027716959808972544,0.0,293.15,0.0,3.277639443152239e-06,0.0,0.0,0.0,0.0,0.0,0.0,0.0,0.0,0.0,1.0925464810507462e-06,0.00027236475438300575,-3.9242288323850615e-12,293.1500000049103,2.3163064320419674e-07,3.1067335956451916e-06,8.404614012255174e-14,2.0783626271646443e-24,9.917575893758148e-27,1.1419540187476007e-15,2.39286967615247e-24,2.3069852021875382e-12,1.8129317730774237e-12,2.2906048607045602e-21,1.5089425159634796e-23,1.0355762031908294e-06
209,0.00027712343488500284,1.0,10132.5,0.35,293.15,2338.1,0.001,998.2,11  1,0.25  0.75,1.0,1483.0,0,True,2.7102859020233154,48256,0.0001569192554587335,4890.438270999445,1.9602631166421885e-11,0.0,5.6773870883733706e-05,170.0606886883209,True,False,True,True,sin_impulse,NH3,-385173.0819349527,10511.164418471637,1.0,0.00027712343488500284,0.0,293.15,0.0,3.277666062408679e-06,0.0,0.0,0.0,0.0,0.0,0.0,0.0,0.0,0.0,1.0925553541362262e-06,0.00027231721986477634,-2.973350463079972e-12,293.150000003708,2.317397026113057e-07,3.106680202750927e-06,6.376991648253468e-14,2.07930043589673e-24,9.594887327582095e-27,1.1413626240451803e-15,1.8155560662413743e-24,2.3092208661945463e-12,1.815150488617564e-12,2.2934208662535046e-21,1.071780389265284e-23,1.0355584003257172e-06
209,0.0002770772716802803,1.0,10132.5,0.35,293.15,2338.1,0.001,998.2,11  1,0.25  0.75,1.0,1483.0,0,True,1.6124818325042725,29612,0.00015690930654977618,4891.014207527509,1.9601439280341264e-11,0.0,5.6768990477769826e-05,170.05640972971005,True,False,True,True,sin_impulse,NH3,-385158.7805597699,10511.361525550348,1.0,0.0002770772716802803,0.0,293.15,0.0,3.277692690535064e-06,0.0,0.0,0.0,0.0,0.0,0.0,0.0,0.0,0.0,1.0925642301783546e-06,0.00027226974808888777,-9.24320839638922e-13,293.1500000029928,2.318468414539609e-07,3.1066282104415147e-06,5.076072481513501e-14,2.0802437966037185e-24,1.0393873924719197e-26,1.1407827872274015e-15,1.4451546796779677e-24,2.3118915437440902e-12,1.8168990238030881e-12,2.295654733081932e-21,2.104884405899153e-23,1.0355410656235512e-06
209,0.00027698494527083516,1.0,10132.5,0.35,293.15,2338.1,0.001,998.2,11  1,0.25  0.75,1.0,1483.0,0,True,3.344191074371338,64210,0.00015688940999467106,4892.165732138583,1.9598974392159014e-11,0.0,5.675924247066865e-05,170.04859240615033,True,False,True,True,sin_impulse,NH3,-385130.1778094042,10511.755739707769,1.0,0.00027698494527083516,0.0,293.15,0.0,3.277745973415411e-06,0.0,0.0,0.0,0.0,0.0,0.0,0.0,0.0,0.0,1.0925819911384703e-06,0.0002721748127983724,2.636963827845805e-09,293.1499999852609,2.3206034710581407e-07,3.106524842714388e-06,3.326425495885176e-14,2.0821219906146147e-24,1.0710861989582504e-26,1.1396292956731069e-15,9.469997526709829e-25,2.316456131632602e-12,1.821171246159335e-12,2.3011018927681907e-21,2.0534941551633676e-23,1.0355066031413423e-06
209,0.0002768002924519449,1.0,10132.5,0.35,293.15,2338.1,0.001,998.2,11  1,0.25  0.75,1.0,1483.0,0,True,3.4573702812194824,64533,0.00015684962162579582,4894.4694602027275,1.9593719769158515e-11,0.0,5.673979740150349e-05,170.035923525751,True,False,True,True,sin_impulse,NH3,-385072.9723086728,10512.544168022614,1.0,0.0002768002924519449,0.0,293.15,0.0,3.277852645810754e-06,0.0,0.0,0.0,0.0,0.0,0.0,0.0,0.0,0.0,1.0926175486035847e-06,0.00027198498013566123,-3.0752897019486493e-09,293.1500000227733,2.3248424041061534e-07,3.106320490615978e-06,3.269433532369133e-14,2.0858530467605312e-24,1.066922794538147e-26,1.1373470256101401e-15,9.307134837689375e-25,2.3278824146367216e-12,1.8273718428884423e-12,2.3090355268898244e-21,2.0828729216251574e-23,1.0354384787723809e-06
209,0.0002764309868141643,1.0,10132.5,0.35,293.15,2338.1,0.001,998.2,11  1,0.25  0.75,1.0,1483.0,0,True,2.8065757751464844,56513,0.00015677006475694615,4899.07944789636,1.958196221632707e-11,0.0,5.670110890106425e-05,170.0220077912936,True,False,True,True,sin_impulse,NH3,-384958.56130721007,10514.1210246523,1.0,0.0002764309868141643,0.0,293.15,0.0,3.2780664181372714e-06,0.0,0.0,0.0,0.0,0.0,0.0,0.0,0.0,0.0,1.0926888060457571e-06,0.0002716056285760697,-1.7598331499048793e-12,293.15000000221323,2.333196421943614e-07,3.1059213649756542e-06,3.716255049019346e-14,2.0932033886480415e-24,1.0468471980670998e-26,1.1328792607179397e-15,1.0577747471923547e-24,2.350892327183443e-12,1.8394651769357796e-12,2.324516024485302e-21,2.131580173760255e-23,1.0353054239224891e-06
209,0.0002764309868141643,1.0,10132.5,0.35,293.15,2338.1,0.001,998.2,11  1,0.25  0.75,1.0,1483.0,0,True,3.2357139587402344,56513,0.00015677006475694615,4899.07944789636,1.958196221632707e-11,0.0,5.670110890106425e-05,170.0220077912936,True,False,True,True,sin_impulse,NH3,-384958.56130721007,10514.1210246523,1.0,0.0002764309868141643,0.0,293.15,0.0,3.2780664181372714e-06,0.0,0.0,0.0,0.0,0.0,0.0,0.0,0.0,0.0,1.0926888060457571e-06,0.0002716056285760697,-1.7598331499048793e-12,293.15000000221323,2.333196421943614e-07,3.1059213649756542e-06,3.716255049019346e-14,2.0932033886480415e-24,1.0468471980670998e-26,1.1328792607179397e-15,1.0577747471923547e-24,2.350892327183443e-12,1.8394651769357796e-12,2.324516024485302e-21,2.131580173760255e-23,1.0353054239224891e-06
209,0.00027643129945110426,1.0,10132.5,0.35,293.15,2338.1,0.001,998.2,11  1,0.25  0.75,1.0,1483.0,0,True,1.7021303176879883,31807,0.00015677012064281874,4899.074117014404,1.9581953927146018e-11,0.0,5.6701084035574965e-05,170.02200520198653,True,False,True,True,sin_impulse,NH3,-384958.56130721007,10514.1210246523,1.0,0.00027643129945110426,0.0,293.15,0.0,3.278066236926016e-06,0.0,0.0,0.0,0.0,0.0,0.0,0.0,0.0,0.0,1.0926887456420055e-06,0.0002716059530370645,-4.6378051709961955e-12,293.1500000057574,2.3331870725760164e-07,3.10592181928634e-06,9.629320832493685e-14,2.0931949942936265e-24,9.801774343438663e-27,1.1328842141737195e-15,2.7408381929366586e-24,2.35326322660832e-12,1.8370614095562333e-12,2.3214780560238505e-21,7.405287913005579e-23,1.0353055856260767e-06
209,0.0002764309868141643,1.0,10132.5,0.35,293.15,2338.1,0.001,998.2,11  1,0.25  0.75,1.0,1483.0,0,True,3.3523149490356445,61168,0.00015677007148133092,4899.076433755385,1.9581933037197533e-11,0.0,5.670101110650855e-05,170.0219678980283,True,False,True,True,sin_impulse,NH3,-384958.2766973286,10514.1210246523,1.0,0.0002764309868141643,0.0,293.15,0.0,3.2780664181372714e-06,0.0,0.0,0.0,0.0,0.0,0.0,0.0,0.0,0.0,1.0926888060457571e-06,0.0002716056471984668,-1.5495055147590207e-12,293.15000000196574,2.3331924653221499e-07,3.1059216541669525e-06,3.300616748669958e-14,2.0931996253543894e-24,1.0558359294731067e-26,1.1328813871060552e-15,9.394697945814273e-25,2.3506914385163654e-12,1.8396588891896025e-12,2.324760803775842e-21,2.1495082704062175e-23,1.0353055195969817e-06
209,0.0002764309868141643,1.0,10132.5,0.35,293.15,2338.1,0.001,998.2,11  1,0.25  0.75,1.0,1483.0,0,True,2.0075228214263916,36328,0.00015676984787544514,4899.068599788797,1.9581837420205892e-11,0.0,5.670072415798835e-05,170.02193766605697,True,False,True,True,sin_impulse,NH3,-384958.56130721007,10514.142236919433,1.0,0.0002764309868141643,0.0,293.15,0.0,3.2780664181372714e-06,0.0,0.0,0.0,0.0,0.0,0.0,0.0,0.0,0.0,1.0926888060457571e-06,0.000271605657833788,-4.071751872084091e-12,293.1500000050917,2.3331807984498685e-07,3.105922476743781e-06,8.526756653355341e-14,2.0931907925792883e-24,9.739372191036562e-27,1.1328881823202179e-15,2.4270107888675883e-24,2.3529690991045335e-12,1.8373621424218945e-12,2.3218583404263435e-21,1.3789824093381053e-23,1.0353058028886163e-06
209,0.00027643725471994266,1.0,10132.5,0.35,293.15,2338.1,0.001,998.2,11  1,0.25  0.75,1.0,1483.0,0,True,3.3608319759368896,64393,0.0001566554893305546,4892.132430204841,1.950264967255952e-11,0.0,5.646237226422882e-05,169.99466725840227,True,False,True,True,sin_impulse,NH3,-384870.64930477325,10525.638572901817,1.0,0.00027643725471994266,0.0,293.15,0.0,3.278062785199333e-06,0.0,0.0,0.0,0.0,0.0,0.0,0.0,0.0,0.0,1.0926875950664446e-06,0.00027163200917262463,4.5831698522777865e-09,293.1499999704199,2.323069336408266e-07,3.1066650711755745e-06,3.2214187355820886e-14,2.084127754611015e-24,1.0658035858080528e-26,1.1387577610578652e-15,9.171467739354754e-25,2.338024947682394e-12,1.8340706041148237e-12,2.3176850879128604e-21,2.1042620021414615e-23,1.0355533321478928e-06
209,0.00027644352262572093,1.0,10132.5,0.35,293.15,2338.1,0.001,998.2,11  1,0.25  0.75,1.0,1483.0,0,True,2.366536855697632,44453,0.00015654121654774656,4885.185684666229,1.94191295374385e-11,0.0,5.62251887116315e-05,170.00862671542038,True,False,True,True,sin_impulse,NH3,-384782.73730233643,10537.15612115133,1.0,0.00027644352262572093,0.0,293.15,0.0,3.2780591524261373e-06,0.0,0.0,0.0,0.0,0.0,0.0,0.0,0.0,0.0,1.0926863841420458e-06,0.0002716594238499567,-2.9368010025583957e-12,293.15000000373254,2.31242056812081e-07,3.107447255924374e-06,6.323054407595481e-14,2.0745861145929127e-24,1.0040766986127403e-26,1.1449807743103766e-15,1.8006442696347845e-24,2.3257966958239498e-12,1.826541324843411e-12,2.3081552719821044e-21,1.6957359688178206e-23,1.0358140734044627e-06
209,0.0002764560584372776,1.0,10132.5,0.35,293.15,2338.1,0.001,998.2,11  1,0.25  0.75,1.0,1483.0,0,True,2.8641393184661865,57480,0.0001563135760213037,4871.292803058682,1.9239188624563335e-11,0.0,5.5755446466315636e-05,170.1650405334185,True,False,True,True,sin_impulse,NH3,-384606.9132974628,10560.191217650363,1.0,0.0002764560584372776,0.0,293.15,0.0,3.2780518873739266e-06,0.0,0.0,0.0,0.0,0.0,0.0,0.0,0.0,0.0,1.0926839624579757e-06,0.00027171748888375047,-1.7812607216272888e-12,293.1500000022131,2.2895248742796135e-07,3.1091296350495985e-06,3.768336026616777e-14,2.0540660857379777e-24,1.083385766564346e-26,1.1584990461279084e-15,1.0737067710167964e-24,2.2942333472697037e-12,1.8140156225585696e-12,2.2922975546060157e-21,1.967321306445665e-23,1.0363748789655865e-06
209,0.0002764811300603908,1.0,10132.5,0.35,293.15,2338.1,0.001,998.2,11  1,0.25  0.75,1.0,1483.0,0,True,2.3845980167388916,45495,0.00015586188745510046,4843.510892443741,1.8826083603208035e-11,0.0,5.483422316067503e-05,171.02575190732696,True,False,True,True,sin_impulse,NH3,-384255.26528771553,10606.261410648423,1.0,0.0002764811300603908,0.0,293.15,0.0,3.278037359245913e-06,0.0,0.0,0.0,0.0,0.0,0.0,0.0,0.0,0.0,1.0926791197486379e-06,0.0002718468793635727,-2.94769676923639e-12,293.15000000372487,2.237166553756526e-07,3.112978949687979e-06,6.444090113552662e-14,2.0071404411630727e-24,1.0869306403509046e-26,1.1900813588738259e-15,1.8383789662705262e-24,2.2219978783899554e-12,1.7795108159108084e-12,2.2486293619763257e-21,1.650015289628611e-23,1.0376580296197094e-06
209,0.0002765312733066173,1.0,10132.5,0.35,293.15,2338.1,0.001,998.2,11  1,0.25  0.75,1.0,1483.0,0,True,1.754739761352539,29932,0.0001549726773516424,4787.957543378054,1.7781922061986838e-11,0.0,5.306298477042042e-05,175.2196340918224,True,False,True,True,sin_impulse,NH3,-383551.96926822094,10698.401796644548,1.0,0.0002765312733066173,0.0,293.15,0.0,3.278008310893019e-06,0.0,0.0,0.0,0.0,0.0,0.0,0.0,0.0,0.0,1.0926694369643396e-06,0.00027215973960359626,-3.044871872424577e-13,293.1500000003545,2.105806446544097e-07,3.1226438475890588e-06,6.606704785053279e-15,1.8893935692128472e-24,1.3643691851728712e-26,1.273143126699961e-15,1.8906219029435408e-25,2.0224513458769418e-12,1.6931659195354367e-12,2.1393707785893103e-21,1.7131139873155468e-23,1.0408797622608115e-06
209,0.00027643725471994266,1.0,10132.5,0.35,293.15,2338.1,0.001,998.2,11  1,0.25  0.75,1.0,1483.0,0,True,3.1271743774414062,64393,0.0001566554893305546,4892.132430204841,1.950264967255952e-11,0.0,5.646237226422882e-05,169.99466725840227,True,False,True,True,sin_impulse,NH3,-384870.64930477325,10525.638572901817,1.0,0.00027643725471994266,0.0,293.15,0.0,3.278062785199333e-06,0.0,0.0,0.0,0.0,0.0,0.0,0.0,0.0,0.0,1.0926875950664446e-06,0.00027163200917262463,4.5831698522777865e-09,293.1499999704199,2.323069336408266e-07,3.1066650711755745e-06,3.2214187355820886e-14,2.084127754611015e-24,1.0658035858080528e-26,1.1387577610578652e-15,9.171467739354754e-25,2.338024947682394e-12,1.8340706041148237e-12,2.3176850879128604e-21,2.1042620021414615e-23,1.0355533321478928e-06
209,0.0002764375673568826,1.0,10132.5,0.35,293.15,2338.1,0.001,998.2,11  1,0.25  0.75,1.0,1483.0,0,True,2.9597935676574707,58882,0.00015665554534878456,4892.126933206463,1.9502637692427867e-11,0.0,5.646234810989973e-05,169.99469896023513,True,False,True,True,sin_impulse,NH3,-384870.64930477325,10525.638572901817,1.0,0.0002764375673568826,0.0,293.15,0.0,3.2780626039962962e-06,0.0,0.0,0.0,0.0,0.0,0.0,0.0,0.0,0.0,1.092687534665432e-06,0.0002716323319369084,-5.018617949673534e-12,293.1500000021528,2.3230596283142296e-07,3.106665602908532e-06,3.587157762694109e-14,2.0841194475161754e-24,1.0581084880597405e-26,1.1387629546567327e-15,1.0212738574801436e-24,2.338176904035478e-12,1.833888293390983e-12,2.3174545393621067e-21,2.10534444077985e-23,1.0355535100422659e-06
209,0.00027643725471994266,1.0,10132.5,0.35,293.15,2338.1,0.001,998.2,11  1,0.25  0.75,1.0,1483.0,0,True,1.7545359134674072,32042,0.0001566554958358529,4892.129695425265,1.9502614129218007e-11,0.0,5.6462275096889823e-05,169.99468452408055,True,False,True,True,sin_impulse,NH3,-384870.3646948918,10525.638572901817,1.0,0.00027643725471994266,0.0,293.15,0.0,3.278062785199333e-06,0.0,0.0,0.0,0.0,0.0,0.0,0.0,0.0,0.0,1.0926875950664446e-06,0.00027163200526022146,-4.820644547305619e-12,293.1500000060124,2.3230652030222553e-07,3.106665323676546e-06,1.0083524236432769e-13,2.084125134071464e-24,1.0157426642632873e-26,1.1387601022481532e-15,2.8708073155754466e-24,2.3408357569866675e-12,1.8312546657165396e-12,2.31412655999818e-21,2.224428523449114e-23,1.0355534282227507e-06
209,0.00027643725471994266,1.0,10132.5,0.35,293.15,2338.1,0.001,998.2,11  1,0.25  0.75,1.0,1483.0,0,True,3.1564481258392334,58532,0.0001566552729687188,4892.121449935928,1.9502516834805514e-11,0.0,5.646199007396944e-05,169.9946744542683,True,False,True,True,sin_impulse,NH3,-384870.64930477325,10525.65978516895,1.0,0.00027643725471994266,0.0,293.15,0.0,3.278062785199333e-06,0.0,0.0,0.0,0.0,0.0,0.0,0.0,0.0,0.0,1.0926875950664446e-06,0.0002716320326335825,-1.7435432196259759e-12,293.15000000212956,2.3230529114338808e-07,3.10666628634975e-06,3.586256535776712e-14,2.0841132871641857e-24,1.0581523321798459e-26,1.1387673224949758e-15,1.021017500765487e-24,2.338177872907655e-12,1.8338906847414572e-12,2.3174577181640744e-21,2.1065880518044853e-23,1.0355537378530135e-06
209,0.00027639518277245236,1.0,10132.5,0.35,293.15,2338.1,0.001,998.2,11  1,0.25  0.75,1.0,1483.0,0,True,1.5910356044769287,29444,0.00015665409476983157,4893.417272354159,1.9510478661742558e-11,0.0,5.648445311381303e-05,169.9929067972879,True,False,True,True,sin_impulse,NH3,-384891.5086932042,10524.990627951194,1.0,0.00027639518277245236,0.0,293.15,0.0,3.278087173660004e-06,0.0,0.0,0.0,0.0,0.0,0.0,0.0,0.0,0.0,1.0926957245533345e-06,0.00027158649284467185,7.18676257155106e-13,293.1499999991096,2.3251705546902e-07,3.1065348397730536e-06,-7.385288420548416e-15,2.0859961450715952e-24,1.1753999073524404e-26,1.1375770942053325e-15,-2.1025154587253267e-25,2.3410249362194696e-12,1.8371609558050186e-12,2.3216151752005313e-21,2.4133920028205875e-23,1.03550991253588e-06
209,0.0002763531108249621,1.0,10132.5,0.35,293.15,2338.1,0.001,998.2,11  1,0.25  0.75,1.0,1483.0,0,True,1.8447632789611816,31626,0.00015665270288701743,4894.702435378987,1.9518165306870376e-11,0.0,5.650655753448801e-05,169.992458387621,True,False,True,True,sin_impulse,NH3,-384912.3680816352,10524.34268300057,1.0,0.0002763531108249621,0.0,293.15,0.0,3.278111569546464e-06,0.0,0.0,0.0,0.0,0.0,0.0,0.0,0.0,0.0,1.092703856515488e-06,0.00027154101669496484,-4.437124999785158e-12,293.1500000055364,2.327255489394674e-07,3.10640569130401e-06,9.249162841798005e-14,2.0878482601782265e-24,1.005768920592067e-26,1.1364078980041328e-15,2.633042199727332e-24,2.3484978938826346e-12,1.835734379421692e-12,2.3198353061655818e-21,2.1835767141827697e-23,1.035466877915236e-06
209,0.0002762689669299816,1.0,10132.5,0.35,293.15,2338.1,0.001,998.2,11  1,0.25  0.75,1.0,1483.0,0,True,2.4748520851135254,47978,0.00015664992745704288,4897.271846452094,1.9533110348452478e-11,0.0,5.655083462268117e-05,169.99549471793227,True,False,True,True,sin_impulse,NH3,-384954.0868584972,10523.046793099324,1.0,0.0002762689669299816,0.0,293.15,0.0,3.2781603836103243e-06,0.0,0.0,0.0,0.0,0.0,0.0,0.0,0.0,0.0,1.0927201278701082e-06,0.00027145015804606453,-2.4590385706474943e-12,293.15000000311187,2.3313769464243694e-07,3.1061512078349146e-06,5.1990110216303666e-14,2.0915117401877534e-24,1.0344638012828896e-26,1.1341029003750413e-15,1.4799278706796597e-24,2.3549670599697885e-12,1.8412419363857076e-12,2.3268433275605757e-21,2.096218044973206e-23,1.0353820384329358e-06
209,0.0002761006791400205,1.0,10132.5,0.35,293.15,2338.1,0.001,998.2,11  1,0.25  0.75,1.0,1483.0,0,True,2.170656681060791,40239,0.00015664440909242478,4902.409124555516,1.956131204376745e-11,0.0,5.663966444366578e-05,170.01705414941708,True,False,True,True,sin_impulse,NH3,-385037.52441222104,10520.45501329683,1.0,0.0002761006791400205,0.0,293.15,0.0,3.2782581009969058e-06,0.0,0.0,0.0,0.0,0.0,0.0,0.0,0.0,0.0,1.0927527003323021e-06,0.00027126884835712816,-3.9735017919477285e-12,293.1500000046473,2.3394275542415083e-07,3.105656435394738e-06,7.754828591360774e-14,2.0986653558682004e-24,1.0328758295933843e-26,1.1296254238910939e-15,2.207104178035019e-24,2.3716998866814127e-12,1.847984344879764e-12,2.3354600847656514e-21,8.650788772283633e-24,1.0352171095993512e-06
209,0.00027576410356009833,1.0,10132.5,0.35,293.15,2338.1,0.001,998.2,11  1,0.25  0.75,1.0,1483.0,0,True,2.8282179832458496,49130,0.00015663350256791756,4912.677350915649,1.961110705328284e-11,0.0,5.68184272386279e-05,170.1205953576052,True,False,True,True,sin_impulse,NH3,-385204.3995196689,10515.271453691845,1.0,0.00027576410356009833,0.0,293.15,0.0,3.27845389356812e-06,0.0,0.0,0.0,0.0,0.0,0.0,0.0,0.0,0.0,1.0928179645227067e-06,0.00027090781280013376,-2.182401447302511e-12,293.1500000028624,2.3547722608389407e-07,3.104723182036974e-06,4.7790550979304076e-14,2.112290956514904e-24,9.943227686405756e-27,1.1211856838585636e-15,1.359759627362905e-24,2.4001928275073873e-12,1.8645508558775644e-12,2.356590064741422e-21,2.3218216278049135e-23,1.0349060024104612e-06
209,0.0002763531108249621,1.0,10132.5,0.35,293.15,2338.1,0.001,998.2,11  1,0.25  0.75,1.0,1483.0,0,True,1.8918449878692627,31626,0.00015665270288701743,4894.702435378987,1.9518165306870376e-11,0.0,5.650655753448801e-05,169.992458387621,True,False,True,True,sin_impulse,NH3,-384912.3680816352,10524.34268300057,1.0,0.0002763531108249621,0.0,293.15,0.0,3.278111569546464e-06,0.0,0.0,0.0,0.0,0.0,0.0,0.0,0.0,0.0,1.092703856515488e-06,0.00027154101669496484,-4.437124999785158e-12,293.1500000055364,2.327255489394674e-07,3.10640569130401e-06,9.249162841798005e-14,2.0878482601782265e-24,1.005768920592067e-26,1.1364078980041328e-15,2.633042199727332e-24,2.3484978938826346e-12,1.835734379421692e-12,2.3198353061655818e-21,2.1835767141827697e-23,1.035466877915236e-06
209,0.00027635342346190206,1.0,10132.5,0.35,293.15,2338.1,0.001,998.2,11  1,0.25  0.75,1.0,1483.0,0,True,2.903841018676758,53247,0.00015665275903398724,4894.696879226669,1.9518154145526342e-11,0.0,5.6506532684146464e-05,169.99248083784113,True,False,True,True,sin_impulse,NH3,-384912.3680816352,10524.34268300057,1.0,0.00027635342346190206,0.0,293.15,0.0,3.278111388233065e-06,0.0,0.0,0.0,0.0,0.0,0.0,0.0,0.0,0.0,1.0927037960776883e-06,0.000271541336160249,-2.097134891218279e-12,293.15000000251905,2.3272459446135484e-07,3.1064062594460467e-06,4.2325181151452804e-14,2.0878407640411636e-24,1.0421185826031556e-26,1.1364130801825313e-15,1.2049091575252396e-24,2.3465402858441795e-12,1.8376598982733885e-12,2.3222685524084588e-21,2.077397142854951e-23,1.0354670586247112e-06
209,0.0002763531108249621,1.0,10132.5,0.35,293.15,2338.1,0.001,998.2,11  1,0.25  0.75,1.0,1483.0,0,True,2.7073960304260254,44070,0.00015665270963801398,4894.699521293351,1.9518131028225882e-11,0.0,5.650645985835641e-05,169.99246309008007,True,False,True,True,sin_impulse,NH3,-384912.08347175375,10524.34268300057,1.0,0.0002763531108249621,0.0,293.15,0.0,3.278111569546464e-06,0.0,0.0,0.0,0.0,0.0,0.0,0.0,0.0,0.0,1.092703856515488e-06,0.000271541015513202,-3.4510836569701166e-12,293.15000000432116,2.3272514325531323e-07,3.1064060138818135e-06,7.245751017450977e-14,2.0878467799189353e-24,1.0849295943861893e-26,1.1364102347855904e-15,2.0627132176517944e-24,2.3479657983749077e-12,1.83626164438574e-12,2.3205018559377203e-21,7.131952582518092e-24,1.035466982015876e-06
209,0.0002763531108249621,1.0,10132.5,0.35,293.15,2338.1,0.001,998.2,11  1,0.25  0.75,1.0,1483.0,0,True,1.5398781299591064,30805,0.0001566524862472034,4894.691412845498,1.9518036104887847e-11,0.0,5.6506174683424725e-05,169.99243190900378,True,False,True,True,sin_impulse,NH3,-384912.3680816352,10524.363895267703,1.0,0.0002763531108249621,0.0,293.15,0.0,3.278111569546464e-06,0.0,0.0,0.0,0.0,0.0,0.0,0.0,0.0,0.0,1.092703856515488e-06,0.0002715410457055889,-4.6092627335461555e-12,293.15000000571786,2.3272393380438276e-07,3.1064068823756805e-06,9.579525558911068e-14,2.0878358684043696e-24,9.774137113529745e-27,1.1364172777211626e-15,2.7270906067925828e-24,2.3485908606602868e-12,1.8356139361003356e-12,2.319683193601589e-21,1.311637464785268e-23,1.0354672755189596e-06
209,0.0002763374582533018,1.0,10132.5,0.35,293.15,2338.1,0.001,998.2,11  1,0.25  0.75,1.0,1483.0,0,True,1.9270431995391846,33835,0.0001566370441957731,4894.358359691788,1.9511413150377397e-11,0.0,5.648621330809971e-05,169.99006222124848,True,False,True,True,sin_impulse,NH3,-384915.35277556913,10525.595267968092,1.0,0.0002763374582533018,0.0,293.15,0.0,3.2781206477601134e-06,0.0,0.0,0.0,0.0,0.0,0.0,0.0,0.0,0.0,1.0927068825867045e-06,0.00027152649388344566,-3.783042926843223e-12,293.15000000472776,2.3268237097186145e-07,3.106446809469837e-06,8.041383595401183e-14,2.0885465123908884e-24,9.822099014654817e-27,1.1366750868396491e-15,2.2892432957906003e-24,2.3480318019908192e-12,1.8363012716521614e-12,2.3206647210844355e-21,1.5410677367034025e-23,1.0354805818293628e-06
209,0.0002763218056816415,1.0,10132.5,0.35,293.15,2338.1,0.001,998.2,11  1,0.25  0.75,1.0,1483.0,0,True,1.9653346538543701,32274,0.00015662138829043812,4894.014336821628,1.950465635299617e-11,0.0,5.64658800575574e-05,169.98773788453113,True,False,True,True,sin_impulse,NH3,-384918.3374695031,10526.847852935613,1.0,0.0002763218056816415,0.0,293.15,0.0,3.278129727002255e-06,0.0,0.0,0.0,0.0,0.0,0.0,0.0,0.0,0.0,1.0927099090007517e-06,0.0002715119952698041,-4.74514807509725e-12,293.1500000059159,2.3263905759727077e-07,3.1064879885622248e-06,9.907458993679542e-14,2.0870625679917963e-24,1.0179098013817223e-26,1.136943193307626e-15,2.820520028844668e-24,2.3488711533398545e-12,1.83555670499635e-12,2.3196263127665145e-21,2.299013426354652e-23,1.035494311395974e-06
209,0.0002762905005383209,1.0,10132.5,0.35,293.15,2338.1,0.001,998.2,11  1,0.25  0.75,1.0,1483.0,0,True,3.6382639408111572,64538,0.00015659008609482822,4893.327260747561,1.949111162002569e-11,0.0,5.642524526786372e-05,169.98345146655413,True,False,True,True,sin_impulse,NH3,-384924.306857371,10529.353022870655,1.0,0.0002762905005383209,0.0,293.15,0.0,3.2781478885727138e-06,0.0,0.0,0.0,0.0,0.0,0.0,0.0,0.0,0.0,1.0927159628575713e-06,0.0002714829876487975,-5.309951814690765e-09,293.150000037576,2.3255203245431783e-07,3.106570745595226e-06,3.1827031949322717e-14,2.086269712580297e-24,1.0631160558679905e-26,1.137482137276761e-15,9.060968396633952e-25,2.346065082467519e-12,1.8385363303988494e-12,2.323406855982978e-21,2.1247231633234853e-23,1.0355218853110216e-06
209,0.00027622789025167965,1.0,10132.5,0.35,293.15,2338.1,0.001,998.2,11  1,0.25  0.75,1.0,1483.0,0,True,2.0511653423309326,39514,0.00015652751932473323,4891.953550457214,1.946391508763877e-11,0.0,5.6344103763083684e-05,169.97618209474197,True,False,True,True,sin_impulse,NH3,-384936.2456331068,10534.36336274074,1.0,0.00027622789025167965,0.0,293.15,0.0,3.2781842240632282e-06,0.0,0.0,0.0,0.0,0.0,0.0,0.0,0.0,0.0,1.0927280746877428e-06,0.00027142501628601984,-3.5971390193458073e-12,293.15000000448396,2.3237637593871018e-07,3.1067372956088813e-06,7.527332653191406e-14,2.084673130830666e-24,1.0011208689329742e-26,1.1385696038219111e-15,2.143102120727271e-24,2.3480011203563094e-12,1.836897990308848e-12,2.321366954209077e-21,9.170097016800546e-24,1.035577409396533e-06
209,0.0002761026696783972,1.0,10132.5,0.35,293.15,2338.1,0.001,998.2,11  1,0.25  0.75,1.0,1483.0,0,True,2.0768558979034424,38117,0.00015640253666580894,4889.209938818151,1.9409079878854368e-11,0.0,5.618232812545406e-05,169.96698894596378,True,False,True,True,sin_impulse,NH3,-384960.1231845784,10544.38404248091,1.0,0.0002761026696783972,0.0,293.15,0.0,3.278256944481855e-06,0.0,0.0,0.0,0.0,0.0,0.0,0.0,0.0,0.0,1.092752314827285e-06,0.00027130918444750985,-3.935933205578135e-12,293.1500000049193,2.320186259045449e-07,3.1070752693839544e-06,8.259396988065421e-14,2.0814197293405975e-24,9.976397487295984e-27,1.1407847882034343e-15,2.3517835141312167e-24,2.3480691137501244e-12,1.8372232924711616e-12,2.3218391330307444e-21,1.1080948346495112e-23,1.0356900683552495e-06
209,0.0002761026696783972,1.0,10132.5,0.35,293.15,2338.1,0.001,998.2,11  1,0.25  0.75,1.0,1483.0,0,True,2.196962356567383,38117,0.00015640253666580894,4889.209938818151,1.9409079878854368e-11,0.0,5.618232812545406e-05,169.96698894596378,True,False,True,True,sin_impulse,NH3,-384960.1231845784,10544.38404248091,1.0,0.0002761026696783972,0.0,293.15,0.0,3.278256944481855e-06,0.0,0.0,0.0,0.0,0.0,0.0,0.0,0.0,0.0,1.092752314827285e-06,0.00027130918444750985,-3.935933205578135e-12,293.1500000049193,2.320186259045449e-07,3.1070752693839544e-06,8.259396988065421e-14,2.0814197293405975e-24,9.976397487295984e-27,1.1407847882034343e-15,2.3517835141312167e-24,2.3480691137501244e-12,1.8372232924711616e-12,2.3218391330307444e-21,1.1080948346495112e-23,1.0356900683552495e-06
209,0.0002761029823153371,1.0,10132.5,0.35,293.15,2338.1,0.001,998.2,11  1,0.25  0.75,1.0,1483.0,0,True,1.7848036289215088,30832,0.00015640259254849363,4889.2043296957,1.9409065102913612e-11,0.0,5.6182303979392166e-05,169.96704529172035,True,False,True,True,sin_impulse,NH3,-384960.1231845784,10544.38404248091,1.0,0.0002761029823153371,0.0,293.15,0.0,3.2782567628393843e-06,0.0,0.0,0.0,0.0,0.0,0.0,0.0,0.0,0.0,1.0927522542797946e-06,0.00027130950056703895,-2.0934462545380772e-12,293.1500000026813,2.3201763825473845e-07,3.1070758529359506e-06,4.512193467407708e-14,2.0814101717369956e-24,1.0408520507165413e-26,1.140790331871185e-15,1.2848037539486982e-24,2.3467195809860743e-12,1.838534947729472e-12,2.3234965983535738e-21,3.076611324896376e-23,1.0356902564212385e-06
209,0.0002761026696783972,1.0,10132.5,0.35,293.15,2338.1,0.001,998.2,11  1,0.25  0.75,1.0,1483.0,0,True,1.7732295989990234,32371,0.0001564025432244028,4889.207112517781,1.9409043627136934e-11,0.0,5.618223153163925e-05,169.9670141825851,True,False,True,True,sin_impulse,NH3,-384959.8385746969,10544.38404248091,1.0,0.0002761026696783972,0.0,293.15,0.0,3.278256944481855e-06,0.0,0.0,0.0,0.0,0.0,0.0,0.0,0.0,0.0,1.092752314827285e-06,0.00027130918007854253,-4.402226865796012e-12,293.1500000054967,2.3201820375563426e-07,3.1070755795421446e-06,9.298703222621138e-14,2.0814137832306975e-24,9.297146048689285e-27,1.1407873632189343e-15,2.6477162867183264e-24,2.3482557235454617e-12,1.837025762885702e-12,2.3215895189649075e-21,-3.7696015422023043e-25,1.0356901735100554e-06
209,0.0002761026696783972,1.0,10132.5,0.35,293.15,2338.1,0.001,998.2,11  1,0.25  0.75,1.0,1483.0,0,True,1.688310146331787,31359,0.00015640232083871525,4889.198899568,1.9408943505853797e-11,0.0,5.6181948943437775e-05,169.967036046591,True,False,True,True,sin_impulse,NH3,-384960.1231845784,10544.405254748042,1.0,0.0002761026696783972,0.0,293.15,0.0,3.278256944481855e-06,0.0,0.0,0.0,0.0,0.0,0.0,0.0,0.0,0.0,1.092752314827285e-06,0.0002713092036495036,-4.540129951348011e-12,293.15000000559854,2.3201694642101285e-07,3.107076507682572e-06,9.392268826384193e-14,2.0814048335539663e-24,9.719372798362215e-27,1.1407946555176759e-15,2.67435889776741e-24,2.348214341325658e-12,1.8370457369982706e-12,2.3216146920006806e-21,1.2229395264453796e-23,1.0356904830499084e-06
209,0.00027603177956776764,1.0,10132.5,0.35,293.15,2338.1,0.001,998.2,11  1,0.25  0.75,1.0,1483.0,0,True,2.1149744987487793,35317,0.00015643009681409455,4892.834008079095,1.944008904973906e-11,0.0,5.626967111962439e-05,169.95968719468968,True,False,True,True,sin_impulse,NH3,-384989.0276760978,10540.363377137825,1.0,0.00027603177956776764,0.0,293.15,0.0,3.278298142353272e-06,0.0,0.0,0.0,0.0,0.0,0.0,0.0,0.0,0.0,1.0927660474510907e-06,0.0002712279870593295,-3.686897967734969e-12,293.15000000458224,2.325980868125657e-07,3.106689542874835e-06,7.856938670823072e-14,2.0865876631620647e-24,9.506146107352292e-27,1.1374822452104642e-15,2.2369098677321966e-24,2.3574758813979175e-12,1.8422859834190527e-12,2.328279961892264e-21,-2.1165539601670656e-23,1.0355614865161858e-06
209,0.00027596088945713816,1.0,10132.5,0.35,293.15,2338.1,0.001,998.2,11  1,0.25  0.75,1.0,1483.0,0,True,2.0850536823272705,33932,0.00015645770236864982,4896.457253234478,1.9469962120180327e-11,0.0,5.63572761477943e-05,169.963115915432,True,False,True,True,sin_impulse,NH3,-385017.93216761725,10536.34271179474,1.0,0.00027596088945713816,0.0,293.15,0.0,3.2783393613908896e-06,0.0,0.0,0.0,0.0,0.0,0.0,0.0,0.0,0.0,1.0927797871302963e-06,0.0002711471051248376,-4.208764100116511e-12,293.15000000524566,2.3316404500487006e-07,3.1063137712799112e-06,8.753125493612553e-14,2.0916302027684992e-24,1.0037783802127313e-26,1.1342712388657328e-15,2.4917570471829408e-24,2.367317996465655e-12,1.8465551351484945e-12,2.3337184032873765e-21,2.353141649154638e-23,1.0354362253978e-06
209,0.0002758191092358791,1.0,10132.5,0.35,293.15,2338.1,0.001,998.2,11  1,0.25  0.75,1.0,1483.0,0,True,1.6420698165893555,30705,0.00015651304860090284,4903.701771432556,1.9526322072370228e-11,0.0,5.653327691215186e-05,170.00179524731402,True,False,True,True,sin_impulse,NH3,-385075.74115065613,10528.301381108568,1.0,0.0002758191092358791,0.0,293.15,0.0,3.2784218630300024e-06,0.0,0.0,0.0,0.0,0.0,0.0,0.0,0.0,0.0,1.0928072876766673e-06,0.00027098613006519025,-2.1144452058665303e-12,293.15000000255344,2.3425596073977684e-07,3.1055918958484868e-06,4.260968651096482e-14,2.1013651243632646e-24,1.0247545989646733e-26,1.1281184052309258e-15,1.212690409938446e-24,2.384048725207748e-12,1.856969531573562e-12,2.3469663487414135e-21,3.1779218615202797e-23,1.0351955819860446e-06
209,0.00027553554879336105,1.0,10132.5,0.35,293.15,2338.1,0.001,998.2,11  1,0.25  0.75,1.0,1483.0,0,True,2.148848056793213,37544,0.0001566242835356702,4918.1809672634245,1.9625920287604606e-11,0.0,5.6888444911051477e-05,170.2016742379048,True,False,True,True,sin_impulse,NH3,-385191.3591167339,10512.218719736227,1.0,0.00027553554879336105,0.0,293.15,0.0,3.278587121021656e-06,0.0,0.0,0.0,0.0,0.0,0.0,0.0,0.0,0.0,1.0928623736738854e-06,0.00027066737417834146,-3.616165893915186e-12,293.15000000450675,2.3628366143801033e-07,3.104263552808329e-06,7.475151207106356e-14,2.1194260710182573e-24,9.427886163514078e-27,1.116847346945312e-15,2.1265508816960904e-24,2.4187120891646657e-12,1.8723685847453706e-12,2.366601275520408e-21,2.3479448945173422e-23,1.034752787081264e-06
209,0.00027496842790832493,1.0,10132.5,0.35,293.15,2338.1,0.001,998.2,11  1,0.25  0.75,1.0,1483.0,0,True,3.4535868167877197,64792,0.00015684893066566973,4947.105308522737,1.977602741132446e-11,0.0,5.761153973354616e-05,171.05675271693633,True,False,True,True,sin_impulse,NH3,-385422.59504888946,10480.053396991545,1.0,0.00027496842790832493,0.0,293.15,0.0,3.2789186595360877e-06,0.0,0.0,0.0,0.0,0.0,0.0,0.0,0.0,0.0,1.0929728865120294e-06,0.00027004189753663377,-2.2662630015676517e-09,293.1500000193613,2.3974910409959995e-07,3.102043501331993e-06,2.6172192179906205e-14,2.150264740523048e-24,1.0059058048559999e-26,1.0981177310447425e-15,7.440209766580464e-25,2.4725743694157303e-12,1.902429080430729e-12,2.404939925595043e-21,2.501501089425157e-23,1.0340127288510049e-06
209,0.00027603177956776764,1.0,10132.5,0.35,293.15,2338.1,0.001,998.2,11  1,0.25  0.75,1.0,1483.0,0,True,1.9049642086029053,35317,0.00015643009681409455,4892.834008079095,1.944008904973906e-11,0.0,5.626967111962439e-05,169.95968719468968,True,False,True,True,sin_impulse,NH3,-384989.0276760978,10540.363377137825,1.0,0.00027603177956776764,0.0,293.15,0.0,3.278298142353272e-06,0.0,0.0,0.0,0.0,0.0,0.0,0.0,0.0,0.0,1.0927660474510907e-06,0.0002712279870593295,-3.686897967734969e-12,293.15000000458224,2.325980868125657e-07,3.106689542874835e-06,7.856938670823072e-14,2.0865876631620647e-24,9.506146107352292e-27,1.1374822452104642e-15,2.2369098677321966e-24,2.3574758813979175e-12,1.8422859834190527e-12,2.328279961892264e-21,-2.1165539601670656e-23,1.0355614865161858e-06
209,0.0002760320922047076,1.0,10132.5,0.35,293.15,2338.1,0.001,998.2,11  1,0.25  0.75,1.0,1483.0,0,True,2.369826555252075,39849,0.00015643015276835086,4892.82837158399,1.9440081886595976e-11,0.0,5.62696464009566e-05,169.95967515871655,True,False,True,True,sin_impulse,NH3,-384989.0276760978,10540.363377137825,1.0,0.0002760320922047076,0.0,293.15,0.0,3.2782979606174907e-06,0.0,0.0,0.0,0.0,0.0,0.0,0.0,0.0,0.0,1.0927659868724967e-06,0.00027122833050491536,-3.4996302846463948e-12,293.1500000043839,2.325971175189928e-07,3.106690067423347e-06,7.350795429864447e-14,2.086577965174676e-24,9.933898806259685e-27,1.1374876039193887e-15,2.092808493748207e-24,2.357394049843366e-12,1.8423341724529363e-12,2.3283408769880477e-21,1.0145718522113319e-23,1.0355616605252872e-06
209,0.00027603177956776764,1.0,10132.5,0.35,293.15,2338.1,0.001,998.2,11  1,0.25  0.75,1.0,1483.0,0,True,2.917020559310913,54929,0.00015643010340209276,4892.831244337962,1.944005812096026e-11,0.0,5.626957402511081e-05,169.9596643279405,True,False,True,True,sin_impulse,NH3,-384988.74306621635,10540.363377137825,1.0,0.00027603177956776764,0.0,293.15,0.0,3.278298142353272e-06,0.0,0.0,0.0,0.0,0.0,0.0,0.0,0.0,0.0,1.0927660474510907e-06,0.0002712280030095342,-2.4570079342771475e-12,293.1500000024816,2.3259767571845455e-07,3.1066898741200294e-06,4.161124530682419e-14,2.086582264966832e-24,1.0382471218036817e-26,1.1374841786656569e-15,1.1846930467111852e-24,2.355963557318422e-12,1.8438031070040307e-12,2.3301975144809638e-21,2.0888290815075714e-23,1.0355615905170354e-06
209,0.00027603177956776764,1.0,10132.5,0.35,293.15,2338.1,0.001,998.2,11  1,0.25  0.75,1.0,1483.0,0,True,1.688558578491211,29261,0.00015642988083922486,4892.823065526612,1.9439961161423165e-11,0.0,5.626929049491243e-05,169.9596556314259,True,False,True,True,sin_impulse,NH3,-384989.0276760978,10540.384589404957,1.0,0.00027603177956776764,0.0,293.15,0.0,3.278298142353272e-06,0.0,0.0,0.0,0.0,0.0,0.0,0.0,0.0,0.0,1.0927660474510907e-06,0.00027122802822490157,-2.372376046693834e-13,293.15000000040675,2.3259645073897816e-07,3.106690814418154e-06,-1.072700097600126e-16,2.0865712108515456e-24,1.2244899137471385e-26,1.1374917528709853e-15,-3.0548046871460946e-27,2.3535467065027923e-12,1.8461876694462687e-12,2.3332111299101864e-21,2.2753024821345507e-23,1.0355618966100345e-06
209,0.0002760389862579226,1.0,10132.5,0.35,293.15,2338.1,0.001,998.2,11  1,0.25  0.75,1.0,1483.0,0,True,1.7229223251342773,30812,0.00015641862107573256,4891.919944027088,1.9430517702222356e-11,0.0,5.6241884154460894e-05,169.95943777716369,True,False,True,True,sin_impulse,NH3,-384976.5633514434,10541.645658536172,1.0,0.0002760389862579226,0.0,293.15,0.0,3.2782939532105567e-06,0.0,0.0,0.0,0.0,0.0,0.0,0.0,0.0,0.0,1.0927646510701855e-06,0.0002712378737095362,-2.4358637451371403e-13,293.1500000003046,2.3245814568133027e-07,3.1067886123288286e-06,5.168545063651118e-15,2.085334744249827e-24,1.109421582343812e-26,1.1382888324836207e-15,1.4715575653881395e-25,2.352946235896678e-12,1.8438804619491897e-12,2.3302900778552767e-21,2.0165833738095283e-23,1.035594498146246e-06
209,0.00027604619294807755,1.0,10132.5,0.35,293.15,2338.1,0.001,998.2,11  1,0.25  0.75,1.0,1483.0,0,True,2.5768680572509766,49388,0.00015640714934558232,4891.006335675105,1.9420866318545608e-11,0.0,5.621411964379442e-05,169.9599564296486,True,False,True,True,sin_impulse,NH3,-384964.09902678896,10542.927939934521,1.0,0.00027604619294807755,0.0,293.15,0.0,3.2782897642865705e-06,0.0,0.0,0.0,0.0,0.0,0.0,0.0,0.0,0.0,1.0927632547621902e-06,0.0002712477473731124,-2.5636161845021385e-12,293.1500000032586,2.323173092546884e-07,3.1068882523831473e-06,5.5296064841059645e-14,2.0840755383516378e-24,9.887224810917531e-27,1.1391014794391067e-15,1.5744073422494966e-24,2.3525680963672542e-12,1.8412979443772328e-12,2.3270210696717603e-21,-1.8544288562318793e-23,1.035627721269172e-06
209,0.00027606060632838746,1.0,10132.5,0.35,293.15,2338.1,0.001,998.2,11  1,0.25  0.75,1.0,1483.0,0,True,2.934706211090088,55016,0.00015638421771895192,4889.178571720557,1.940134957228557e-11,0.0,5.615865770183477e-05,169.96307280933144,True,False,True,True,sin_impulse,NH3,-384939.1703774801,10545.492502731218,1.0,0.00027606060632838746,0.0,293.15,0.0,3.2782813870947232e-06,0.0,0.0,0.0,0.0,0.0,0.0,0.0,0.0,0.0,1.0927604623649076e-06,0.0002712675742249474,-1.9104711475070512e-12,293.1500000023513,2.320329599442658e-07,3.1070895969720536e-06,3.9578314041944814e-14,2.0815311683149113e-24,1.0483595063665867e-26,1.1407444853936294e-15,1.1269594619300565e-24,2.3477626639656918e-12,1.84010714616804e-12,2.3255056572148326e-21,2.0906641809981483e-23,1.035694835708852e-06
209,0.00027608943308900724,1.0,10132.5,0.35,293.15,2338.1,0.001,998.2,11  1,0.25  0.75,1.0,1483.0,0,True,2.318922758102417,46588,0.00015633840264675159,4885.522404306881,1.9361431630804953e-11,0.0,5.604800058445993e-05,169.9778978078308,True,False,True,True,sin_impulse,NH3,-384889.3130788624,10550.62162832461,1.0,0.00027608943308900724,0.0,293.15,0.0,3.2782646353350385e-06,0.0,0.0,0.0,0.0,0.0,0.0,0.0,0.0,0.0,1.0927548784450128e-06,0.0002713074440006383,-2.527738222345984e-12,293.1500000032345,2.3145348693656374e-07,3.1075001994226337e-06,5.465962558804841e-14,2.076354258316543e-24,1.0178839127215164e-26,1.1441025979059884e-15,1.556592921059799e-24,2.3400760036027956e-12,1.8354986221965593e-12,2.3196607222615966e-21,1.9058787550002913e-23,1.0358317105707813e-06
209,0.00027614708661024683,1.0,10132.5,0.35,293.15,2338.1,0.001,998.2,11  1,0.25  0.75,1.0,1483.0,0,True,3.315905809402466,64582,0.00015624696356153787,4878.209412601664,1.927801789310848e-11,0.0,5.5827752977610946e-05,170.04253288789025,True,False,True,True,sin_impulse,NH3,-384789.5984816269,10560.879879511396,1.0,0.00027614708661024683,0.0,293.15,0.0,3.2782311423078832e-06,0.0,0.0,0.0,0.0,0.0,0.0,0.0,0.0,0.0,1.0927437141026279e-06,0.0002713880571717112,-3.195790409536765e-09,293.15000002193347,2.3025102583807195e-07,3.1083535804372858e-06,3.3074240493924163e-14,2.065591115810936e-24,1.0786218433015858e-26,1.151112986466847e-15,9.42144522441005e-25,2.3214772069056223e-12,1.828287729479379e-12,2.310505194217605e-21,2.049122442087058e-23,1.0361161771130245e-06
