ID,R_E,ratio,P_amb,alfa_M,T_inf,P_v,mu_L,rho_L,gases,fractions,surfactant,c_L,error_code,success,elapsed_time,steps,collapse_time,T_max,n_NH3,expansion_work,dissipated_acoustic_energy,energy_efficiency,enable_heat_transfer,enable_evaporation,enable_reactions,enable_dissipated_energy,excitation_type,target_specie,p_A,freq,n,R_0,R_dot_0,T_0,c_NO_0,c_NH3_0,c_H2_0,c_O2_0,c_H_0,c_O_0,c_OH_0,c_HO2_0,c_H2O_0,c_H2O2_0,c_NH2_0,c_NH_0,c_N_0,c_NNH_0,c_NH2OH_0,c_H2NO_0,c_HNOH_0,c_HNO_0,c_HON_0,c_NO2_0,c_HONO_0,c_HNO2_0,c_NO3_0,c_HONO2_0,c_N2O_0,c_N2H4_0,c_N2H3_0,c_N2H2_0,c_H2NN_0,c_AR_0,c_HE_0,c_N2_0,R_last,R_dot_last,T_last,c_NO_last,c_NH3_last,c_H2_last,c_O2_last,c_H_last,c_O_last,c_OH_last,c_HO2_last,c_H2O_last,c_H2O2_last,c_NH2_last,c_NH_last,c_N_last,c_NNH_last,c_NH2OH_last,c_H2NO_last,c_HNOH_last,c_HNO_last,c_HON_last,c_NO2_last,c_HONO_last,c_HNO2_last,c_NO3_last,c_HONO2_last,c_N2O_last,c_N2H4_last,c_N2H3_last,c_N2H2_last,c_H2NN_last,c_AR_last,c_HE_last,c_N2_last
1499,2.8267385464395848e-05,1.0,101325.0,0.35,293.15,2338.1,0.001,998.2,31,1.0,1.0,1483.0,0,True,6.448342800140381,9855,3.0463371924201658e-05,4691.73874561982,7.956521513039325e-16,0.0,6.241204734788283e-06,460590.50857634586,True,True,True,True,sin_impulse,NH3,-292692.85180901457,29592.43527645111,1.0,2.8267385464395848e-05,0.0,293.15,0.0,0.0,0.0,0.0,0.0,0.0,0.0,0.0,9.592661841230495e-07,0.0,0.0,0.0,0.0,0.0,0.0,0.0,0.0,0.0,0.0,0.0,0.0,0.0,0.0,0.0,0.0,0.0,0.0,0.0,0.0,0.0,0.0,4.270110482031375e-05,2.838249341324097e-05,-1.682131887965576e-12,293.1500000100815,3.181605372243359e-07,8.307741884381614e-09,3.330665266823433e-07,1.1004075949060861e-08,2.0410993175159874e-21,2.2990501393564e-32,1.3169435391201914e-21,2.361041151725765e-23,9.59266184122188e-07,3.3214745572613135e-12,7.298307630876541e-21,3.0062751822399973e-36,9.327237752018747e-50,2.265775567704701e-24,5.1601480230456675e-12,1.6973186603719597e-09,1.92822931237413e-12,7.997402510251952e-11,6.037765914966053e-13,1.639194699611673e-13,1.4249216174410713e-09,9.215409827524945e-13,1.3218048602931587e-28,7.469827912570903e-13,3.180924772926892e-09,7.769321494419398e-13,1.1598155168902755e-12,1.3511073457915451e-13,3.6023053263263054e-14,0.0,0.0,4.201569505001838e-05
1499,2.8267580464395848e-05,1.0,101325.0,0.35,293.15,2338.1,0.001,998.2,31,1.0,1.0,1483.0,0,True,7.1803367137908936,9945,3.0463385699732298e-05,4691.740488202549,7.956509610834746e-16,0.0,6.241198263486239e-06,460590.7200052472,True,True,True,True,sin_impulse,NH3,-292692.85180901457,29592.43527645111,1.0,2.8267580464395848e-05,0.0,293.15,0.0,0.0,0.0,0.0,0.0,0.0,0.0,0.0,9.592661841230495e-07,0.0,0.0,0.0,0.0,0.0,0.0,0.0,0.0,0.0,0.0,0.0,0.0,0.0,0.0,0.0,0.0,0.0,0.0,0.0,0.0,0.0,0.0,4.27010904085251e-05,2.8382688984986614e-05,-1.989675693840927e-12,293.15000001240094,3.1815669548832086e-07,8.30755772401204e-09,3.330671458642079e-07,1.1003790159255849e-08,2.0562879571988457e-21,-1.9203813953086867e-31,1.3290073092422606e-21,2.550765945918196e-23,9.59266184104265e-07,3.3213150143542633e-12,7.358962544130378e-21,4.749219843842767e-36,4.460400995644441e-49,2.2845789396580126e-24,5.159947131692421e-12,1.6924835238350394e-09,1.9310226394182123e-12,9.098278012023583e-11,6.037656354589339e-13,1.6418618176087924e-13,1.4248841969960217e-09,9.215267892666726e-13,1.323988627057138e-28,7.469587400770013e-13,3.180232647292515e-09,7.769109559366179e-13,1.1596336959991139e-12,1.3528215367473923e-13,3.641850600557631e-14,0.0,0.0,4.2015678957463334e-05
1499,2.8267385464395848e-05,1.0,101325.0,0.35,293.15,2338.1,0.001,998.2,31,1.0,1.0,1483.0,0,True,7.239052057266235,9820,3.046336582523949e-05,4691.739425225212,7.956498085936375e-16,0.0,6.241186963907846e-06,460590.5532732367,True,True,True,True,sin_impulse,NH3,-292692.60180901457,29592.43527645111,1.0,2.8267385464395848e-05,0.0,293.15,0.0,0.0,0.0,0.0,0.0,0.0,0.0,0.0,9.592661841230495e-07,0.0,0.0,0.0,0.0,0.0,0.0,0.0,0.0,0.0,0.0,0.0,0.0,0.0,0.0,0.0,0.0,0.0,0.0,0.0,0.0,0.0,0.0,4.270110482031375e-05,2.8382493063409177e-05,-1.778521272547252e-12,293.1500000093269,3.181578482477749e-07,8.307717730342173e-09,3.330665163613078e-07,1.1004053765920039e-08,2.048967228538891e-21,-3.7417435788972967e-31,1.3234464987560442e-21,2.466053496656667e-23,9.592661839644329e-07,3.3214634414224386e-12,7.330839746838699e-21,3.1431698227390504e-36,9.195876612709054e-50,2.2758601133673817e-24,5.160131670559817e-12,1.694624658704067e-09,1.9319068920186803e-12,8.608250784168883e-11,6.037745997041865e-13,1.6511676075617615e-13,1.4249179784723614e-09,9.215380553151225e-13,1.3314439620239654e-28,7.469768485472231e-13,3.1805605627004044e-09,7.769312161308886e-13,1.159699375332005e-12,1.3522816839191947e-13,3.6235103489525606e-14,0.0,0.0,4.20156947702899e-05
1499,2.8267385464395848e-05,1.0,101325.0,0.35,293.15,2338.1,0.001,998.2,31,1.0,1.0,1483.0,0,True,7.485365390777588,9783,3.0463328471620173e-05,4691.73535408359,7.95648237711544e-16,0.0,6.2411746692834765e-06,460590.55530946696,True,True,True,True,sin_impulse,NH3,-292692.85180901457,29592.480276451108,1.0,2.8267385464395848e-05,0.0,293.15,0.0,0.0,0.0,0.0,0.0,0.0,0.0,0.0,9.592661841230495e-07,0.0,0.0,0.0,0.0,0.0,0.0,0.0,0.0,0.0,0.0,0.0,0.0,0.0,0.0,0.0,0.0,0.0,0.0,0.0,0.0,0.0,0.0,4.270110482031375e-05,2.8382493464098848e-05,-1.971475328445564e-12,293.1500000123326,3.181558343497657e-07,8.307700976242994e-09,3.330665133265284e-07,1.1004038832081384e-08,2.056799447551211e-21,1.93766787980026e-32,1.3297321093154925e-21,2.546057220690529e-23,9.592661841040269e-07,3.321455258367918e-12,7.36341058756508e-21,3.3899867195366124e-36,1.0569183896798359e-49,2.285953679509726e-24,5.160112735633003e-12,1.692603064244451e-09,1.9314699951123594e-12,9.067598123373961e-11,6.037731312267059e-13,1.6423180314082135e-13,1.424916709421504e-09,9.215764616106112e-13,1.3243886255818355e-28,7.469542336793667e-13,3.180283240161993e-09,7.769297525169259e-13,1.1595759582669e-12,1.3534972108915756e-13,3.6444103094640646e-14,0.0,0.0,4.201569449577998e-05
1499,2.7801203242319378e-05,1.0,101325.0,0.35,293.15,2338.1,0.001,998.2,31,1.0,1.0,1483.0,1,True,21.04196310043335,9348,3.0456479464248504e-05,4675.143776950483,8.001829908730876e-16,0.0,6.2814683738354424e-06,460937.09269571415,True,True,True,True,sin_impulse,NH3,-292819.20146573556,29568.656251448003,1.0,2.7801203242319378e-05,0.0,293.15,0.0,0.0,0.0,0.0,0.0,0.0,0.0,0.0,9.592661841230495e-07,0.0,0.0,0.0,0.0,0.0,0.0,0.0,0.0,0.0,0.0,0.0,0.0,0.0,0.0,0.0,0.0,0.0,0.0,0.0,0.0,0.0,0.0,4.2736136747161824e-05,2.791377930715319e-05,-1.7912830183758156e-12,293.15000001063277,3.151229848375759e-07,8.783038462552648e-09,3.310715127362137e-07,1.1756952635588197e-08,2.0570001511210437e-21,2.210960150364157e-32,1.3935959470020705e-21,2.6373061394086746e-23,9.59266184106642e-07,3.7589109903638975e-12,7.74546395376124e-21,3.233009044985808e-36,-4.397041387188872e-38,2.3818814148622894e-24,5.699531739315e-12,1.6413635570472993e-09,1.848977272685635e-12,8.424700375587571e-11,6.316491310644656e-13,1.7752825215327203e-13,1.5221250124987612e-09,9.94500379643245e-13,1.5301498440110879e-28,8.608945467135874e-13,3.2822517839360442e-09,8.309348287112535e-13,1.1761729444067999e-12,1.4417646042909406e-13,3.61908542460397e-14,2.4445374692916694e-36,0.0,4.205428925577501e-05
1499,2.7335021020242904e-05,1.0,101325.0,0.35,293.15,2338.1,0.001,998.2,31,1.0,1.0,1483.0,1,True,20.211997032165527,9185,3.0449571515863246e-05,4657.0587969806475,8.019177433129399e-16,0.0,6.321218273424505e-06,462850.5246319424,True,True,True,True,sin_impulse,NH3,-292945.5511224566,29544.877226444896,1.0,2.7335021020242904e-05,0.0,293.15,0.0,0.0,0.0,0.0,0.0,0.0,0.0,0.0,9.592661841230495e-07,0.0,0.0,0.0,0.0,0.0,0.0,0.0,0.0,0.0,0.0,0.0,0.0,0.0,0.0,0.0,0.0,0.0,0.0,0.0,0.0,0.0,0.0,4.277236357058523e-05,2.7444752347113303e-05,-1.7975155810426027e-12,293.1500000104866,3.108539950350649e-07,9.261114740688137e-09,3.280419856753498e-07,1.260199718866819e-08,2.0939644151999613e-21,2.4565645261732365e-32,1.4800451929047018e-21,2.900656500887392e-23,9.59266184106875e-07,4.290706293074227e-12,8.245734809160653e-21,3.386535584589779e-36,1.1109379312921344e-49,2.5017644805321498e-24,6.30419081578355e-12,1.5797708613839012e-09,1.7450062375423376e-12,8.465708933830653e-11,6.565784319798673e-13,1.9240944962047906e-13,1.6308379504248953e-09,1.0762659310695798e-12,1.7786524034053761e-28,1.0043126873867253e-12,3.384861482208679e-09,8.891533147947236e-13,1.1929539315016325e-12,1.5155265770778818e-13,3.618796022662185e-14,0.0,0.0,4.209626888420015e-05
1499,2.640265657608996e-05,1.0,101325.0,0.35,293.15,2338.1,0.001,998.2,31,1.0,1.0,1483.0,0,True,6.24338960647583,9173,3.0435693104560598e-05,4616.311874504852,7.958246295589415e-16,0.0,6.398948413136352e-06,472129.38286365115,True,True,True,True,sin_impulse,NH3,-293198.2504358986,29497.319176438683,1.0,2.640265657608996e-05,0.0,293.15,0.0,0.0,0.0,0.0,0.0,0.0,0.0,0.0,9.592661841230495e-07,0.0,0.0,0.0,0.0,0.0,0.0,0.0,0.0,0.0,0.0,0.0,0.0,0.0,0.0,0.0,0.0,0.0,0.0,0.0,0.0,0.0,0.0,4.284865508147277e-05,2.650574840527576e-05,-1.585859657740421e-12,293.1500000093552,2.9828755109639147e-07,1.020254578957721e-08,3.186960323716536e-07,1.4623227787971263e-08,2.2294048827443686e-21,5.511980008122865e-32,1.6810595210160468e-21,3.4395411173782043e-23,9.592661840884919e-07,5.74083613533719e-12,9.396291638141876e-21,3.5580172265952924e-36,2.01684049612514e-49,2.736939773223049e-24,7.73822545737114e-12,1.4348805148195165e-09,1.459689099883364e-12,7.725452284246184e-11,6.945510101003263e-13,2.3033891975195744e-13,1.887768530374997e-09,1.2725538270382868e-12,2.4747190849214983e-28,1.419573820127701e-12,3.591500880765518e-09,1.0190108196434352e-12,1.2270313286768292e-12,1.5998939761831603e-13,3.543818289226675e-14,0.0,0.0,4.219113382510291e-05
1499,2.4537927687784073e-05,1.0,101325.0,0.35,293.15,2338.1,0.001,998.2,31,1.0,1.0,1483.0,0,True,5.9908082485198975,8883,3.0407561186672092e-05,4515.88956979859,7.403616559496023e-16,0.0,6.545609725848511e-06,519129.8309074922,True,True,True,True,sin_impulse,NH3,-293703.64906278264,29402.203076426253,1.0,2.4537927687784073e-05,0.0,293.15,0.0,0.0,0.0,0.0,0.0,0.0,0.0,0.0,9.592661841230495e-07,0.0,0.0,0.0,0.0,0.0,0.0,0.0,0.0,0.0,0.0,0.0,0.0,0.0,0.0,0.0,0.0,0.0,0.0,0.0,0.0,0.0,0.0,4.301863113489601e-05,2.4624358294932586e-05,-1.7475998879844466e-12,293.15000000958685,2.557471711369219e-07,1.1837515037749996e-08,2.8679033204528056e-07,2.0432749070621975e-08,2.9868026183633657e-21,1.1372891949834303e-31,2.2983149535136955e-21,6.877740295484332e-23,9.592661841141875e-07,1.1409181544438228e-11,1.275023834958821e-20,6.481314278503168e-36,3.514464389627341e-49,3.1897241203522617e-24,1.1718273025414209e-11,1.0112628354421469e-09,6.652722756865756e-13,8.801138986527552e-11,7.02801289383491e-13,3.553448443761319e-13,2.5898000227165178e-09,1.8291679557396524e-12,5.370292175730404e-28,3.296167989340371e-12,3.992402811547352e-09,1.3292791800430145e-12,1.2921762642229654e-12,1.4100061472697994e-13,3.170081202874219e-14,0.0,0.0,4.2427661733327834e-05
1499,2.08084699111723e-05,1.0,101325.0,0.35,293.15,2338.1,0.001,998.2,31,1.0,1.0,1483.0,0,True,6.220004558563232,8768,3.034855611105165e-05,4239.289669796454,4.804199575122062e-16,0.0,6.7883763506645855e-06,829687.7301610784,True,True,True,True,sin_impulse,NH3,-294714.4463165508,29211.970876401396,1.0,2.08084699111723e-05,0.0,293.15,0.0,0.0,0.0,0.0,0.0,0.0,0.0,0.0,9.592661841230495e-07,0.0,0.0,0.0,0.0,0.0,0.0,0.0,0.0,0.0,0.0,0.0,0.0,0.0,0.0,0.0,0.0,0.0,0.0,0.0,0.0,0.0,0.0,4.344997658065445e-05,2.0858799289649023e-05,-2.765176688189644e-12,293.15000003092115,1.2143872673271454e-07,1.2637597394033503e-08,1.9639147132833413e-07,4.1025638926370404e-08,1.6122934807016827e-20,1.819698466281386e-30,5.3092235365305755e-21,9.791479871421217e-22,9.592661840745978e-07,5.767420679170085e-11,2.092509188484152e-20,3.0796775119311917e-33,2.884536279749671e-45,2.499125643371313e-24,2.3224963016619087e-11,1.4497936181533725e-11,-3.694945829831082e-18,1.46168669799999e-10,4.0619061757782213e-13,4.967728886543943e-10,3.942425329215469e-09,3.109993200199737e-12,1.4836664503952047e-24,2.405281899954773e-11,4.771776690327203e-09,1.6652013053145809e-12,1.2665643073679694e-12,2.2067734491994584e-18,1.3569036361075324e-14,0.0,0.0,4.306215230771532e-05
1499,2.7801203242319378e-05,1.0,101325.0,0.35,293.15,2338.1,0.001,998.2,31,1.0,1.0,1483.0,1,True,20.186768293380737,9348,3.0456479464248504e-05,4675.143776950483,8.001829908730876e-16,0.0,6.2814683738354424e-06,460937.09269571415,True,True,True,True,sin_impulse,NH3,-292819.20146573556,29568.656251448003,1.0,2.7801203242319378e-05,0.0,293.15,0.0,0.0,0.0,0.0,0.0,0.0,0.0,0.0,9.592661841230495e-07,0.0,0.0,0.0,0.0,0.0,0.0,0.0,0.0,0.0,0.0,0.0,0.0,0.0,0.0,0.0,0.0,0.0,0.0,0.0,0.0,0.0,0.0,4.2736136747161824e-05,2.791377930715319e-05,-1.7912830183758156e-12,293.15000001063277,3.151229848375759e-07,8.783038462552648e-09,3.310715127362137e-07,1.1756952635588197e-08,2.0570001511210437e-21,2.210960150364157e-32,1.3935959470020705e-21,2.6373061394086746e-23,9.59266184106642e-07,3.7589109903638975e-12,7.74546395376124e-21,3.233009044985808e-36,-4.397041387188872e-38,2.3818814148622894e-24,5.699531739315e-12,1.6413635570472993e-09,1.848977272685635e-12,8.424700375587571e-11,6.316491310644656e-13,1.7752825215327203e-13,1.5221250124987612e-09,9.94500379643245e-13,1.5301498440110879e-28,8.608945467135874e-13,3.2822517839360442e-09,8.309348287112535e-13,1.1761729444067999e-12,1.4417646042909406e-13,3.61908542460397e-14,2.4445374692916694e-36,0.0,4.205428925577501e-05
1499,2.7801398242319378e-05,1.0,101325.0,0.35,293.15,2338.1,0.001,998.2,31,1.0,1.0,1483.0,0,True,6.698269844055176,9657,3.0456493225192806e-05,4675.146297371432,8.001830537886803e-16,0.0,6.281461570472527e-06,460936.5572199245,True,True,True,True,sin_impulse,NH3,-292819.20146573556,29568.656251448003,1.0,2.7801398242319378e-05,0.0,293.15,0.0,0.0,0.0,0.0,0.0,0.0,0.0,0.0,9.592661841230495e-07,0.0,0.0,0.0,0.0,0.0,0.0,0.0,0.0,0.0,0.0,0.0,0.0,0.0,0.0,0.0,0.0,0.0,0.0,0.0,0.0,0.0,0.0,4.2736121847996765e-05,2.7913986431952138e-05,-1.9749443639459906e-12,293.15000001169795,3.1512215853866703e-07,8.782843641281107e-09,3.310723836628561e-07,1.175663590552034e-08,2.072156806416623e-21,-2.176255298465647e-31,1.4073718104982229e-21,2.732362776240301e-23,9.592661841048553e-07,3.7587275736340735e-12,7.820493005439548e-21,4.6754405361446354e-36,3.4032149949883384e-49,2.4049481837688765e-24,5.699309488118617e-12,1.6392435841522852e-09,1.8525284189625677e-12,8.909830978985015e-11,6.316381379521867e-13,1.7763738968110785e-13,1.5220848830634464e-09,9.944636647371664e-13,1.5311511357133424e-28,8.608489100778847e-13,3.281924952126725e-09,8.309130191609241e-13,1.1756994165535283e-12,1.4463914833524496e-13,3.662667245253689e-14,0.0,0.0,4.2054271656422984e-05
1499,2.7801203242319378e-05,1.0,101325.0,0.35,293.15,2338.1,0.001,998.2,31,1.0,1.0,1483.0,0,True,6.1400463581085205,9515,3.045647330469723e-05,4675.144819560234,8.001809131528124e-16,0.0,6.2814499166424575e-06,460936.93514699826,True,True,True,True,sin_impulse,NH3,-292818.95146573556,29568.656251448003,1.0,2.7801203242319378e-05,0.0,293.15,0.0,0.0,0.0,0.0,0.0,0.0,0.0,0.0,9.592661841230495e-07,0.0,0.0,0.0,0.0,0.0,0.0,0.0,0.0,0.0,0.0,0.0,0.0,0.0,0.0,0.0,0.0,0.0,0.0,0.0,0.0,0.0,0.0,4.2736136747161824e-05,2.7913789775635805e-05,-1.5188573559466545e-12,293.150000008771,3.1512696676319225e-07,8.783005775242944e-09,3.310714088641284e-07,1.1756931163339365e-08,2.0541043754159796e-21,1.9129840886246928e-32,1.391326875348552e-21,2.4705896941434177e-23,9.592661841110558e-07,3.75890441865449e-12,7.739793547446085e-21,2.9252705978713937e-36,9.211344020309766e-50,2.3801672644712683e-24,5.6995120363943e-12,1.6454547191455841e-09,1.8461454538541123e-12,7.498325338128874e-11,6.316462092042207e-13,1.7774042660569795e-13,1.5221232128826334e-09,9.945031095566133e-13,1.5319445902989374e-28,8.608939559944275e-13,3.2827939305410865e-09,8.309342726880087e-13,1.176044144058131e-12,1.4430658132072014e-13,3.613999761631547e-14,0.0,0.0,4.205428927048569e-05
1499,2.7801203242319378e-05,1.0,101325.0,0.35,293.15,2338.1,0.001,998.2,31,1.0,1.0,1483.0,0,True,6.327270030975342,9728,3.045643590049589e-05,4675.145480053262,8.001794473768185e-16,0.0,6.281437649980933e-06,460936.8793581142,True,True,True,True,sin_impulse,NH3,-292819.20146573556,29568.701251448,1.0,2.7801203242319378e-05,0.0,293.15,0.0,0.0,0.0,0.0,0.0,0.0,0.0,0.0,9.592661841230495e-07,0.0,0.0,0.0,0.0,0.0,0.0,0.0,0.0,0.0,0.0,0.0,0.0,0.0,0.0,0.0,0.0,0.0,0.0,0.0,0.0,0.0,0.0,4.2736136747161824e-05,2.7913790131976254e-05,-2.2796978668354463e-12,293.1500000144589,3.151179757050211e-07,8.782989350118175e-09,3.3107143680222896e-07,1.1756915344719836e-08,2.0847486950219388e-21,1.1663674179529124e-31,1.415647920595094e-21,2.853238005327276e-23,9.592661841106073e-07,3.758892165155006e-12,7.86222189995784e-21,3.812523270482877e-36,1.2605687454305848e-49,2.4177386788836354e-24,5.699496269271047e-12,1.6364221325787885e-09,1.8479501737976846e-12,9.548411596339237e-11,6.316448764646659e-13,1.783347498721783e-13,1.5221200130957954e-09,9.944897416411777e-13,1.5372217299225807e-28,8.608837610512891e-13,3.2815738106682793e-09,8.309332308617023e-13,1.1758854361322788e-12,1.444653520857011e-13,3.687532218460144e-14,0.0,0.0,4.2054287991762424e-05
1499,2.7910417285627583e-05,1.0,101325.0,0.35,293.15,2338.1,0.001,998.2,31,1.0,1.0,1483.0,0,True,5.99159836769104,9648,3.045349030466674e-05,4679.339228450933,7.988847838103568e-16,0.0,6.268253581289971e-06,460714.8431329888,True,True,True,True,sin_impulse,NH3,-292778.0050994456,29578.697412970774,1.0,2.7910417285627583e-05,0.0,293.15,0.0,0.0,0.0,0.0,0.0,0.0,0.0,0.0,9.592661841230495e-07,0.0,0.0,0.0,0.0,0.0,0.0,0.0,0.0,0.0,0.0,0.0,0.0,0.0,0.0,0.0,0.0,0.0,0.0,0.0,0.0,0.0,0.0,4.272782473605243e-05,2.8023624385858733e-05,-1.715102507384339e-12,293.15000001010355,3.1595340039597797e-07,8.666078728666981e-09,3.316361851644423e-07,1.1567672925525318e-08,2.0507749895809606e-21,7.826697161585963e-33,1.3734863385988643e-21,2.5383964451903998e-23,9.592661841074663e-07,3.645866282563882e-12,7.630017459993113e-21,3.121334171670093e-36,9.788936354979221e-50,2.35249464067732e-24,5.563000387746424e-12,1.6564338232970237e-09,1.872606306670211e-12,8.167280482732654e-11,6.24938390230134e-13,1.67033152874218e-13,1.4977887345495368e-09,9.76233658852565e-13,1.416770773837591e-28,8.31297569510733e-13,3.25755615425541e-09,8.176471620569919e-13,1.1724095458096454e-12,1.4209466440470313e-13,3.614077869845527e-14,0.0,0.0,4.2044944567293996e-05
1499,2.8019631328935785e-05,1.0,101325.0,0.35,293.15,2338.1,0.001,998.2,31,1.0,1.0,1483.0,1,True,20.65204691886902,9405,3.0450505556209192e-05,4683.452176751223,7.974255406630231e-16,0.0,6.2550233625789115e-06,460583.72820051794,True,True,True,True,sin_impulse,NH3,-292736.80873315566,29588.738574493545,1.0,2.8019631328935785e-05,0.0,293.15,0.0,0.0,0.0,0.0,0.0,0.0,0.0,0.0,9.592661841230498e-07,0.0,0.0,0.0,0.0,0.0,0.0,0.0,0.0,0.0,0.0,0.0,0.0,0.0,0.0,0.0,0.0,0.0,0.0,0.0,0.0,0.0,0.0,4.271957752153729e-05,2.8133429435823293e-05,-1.787158142049756e-12,293.15000001069836,3.167099436541629e-07,8.549358050880688e-09,3.321401978172883e-07,1.1383562774264104e-08,2.048845153428803e-21,2.1195852426989052e-32,1.356108313905941e-21,2.5307885711826197e-23,9.592661841064856e-07,3.537989246290372e-12,7.525892631059318e-21,3.181425346361722e-36,1.639319370583629e-36,2.3258874282367193e-24,5.430174489615189e-12,1.6689148145145025e-09,1.890632265326082e-12,8.406518268939341e-11,6.180647851892501e-13,1.7075290102769617e-13,1.4740858033125791e-09,9.584543223735203e-13,1.4247028931428754e-28,8.032388829025322e-13,3.2326234513215213e-09,8.045914935422351e-13,1.168741045222185e-12,1.3984111263276842e-13,3.6139929006700084e-14,0.0,0.0,4.2035793952465885e-05
1499,2.8238059415552197e-05,1.0,101325.0,0.35,293.15,2338.1,0.001,998.2,31,1.0,1.0,1483.0,1,True,22.147290468215942,9757,3.044454916266088e-05,4691.406936445204,7.940451194837546e-16,0.0,6.228516145374718e-06,460584.3848840488,True,True,True,True,sin_impulse,NH3,-292654.4160005757,29608.82089753909,1.0,2.8238059415552197e-05,0.0,293.15,0.0,0.0,0.0,0.0,0.0,0.0,0.0,0.0,9.592661841230495e-07,0.0,0.0,0.0,0.0,0.0,0.0,0.0,0.0,0.0,0.0,0.0,0.0,0.0,0.0,0.0,0.0,0.0,0.0,0.0,0.0,0.0,0.0,4.270327447498763e-05,2.8353002388615365e-05,-1.782308008164881e-12,293.15000001076515,3.1801404834692277e-07,8.316860327083828e-09,3.329684719574096e-07,1.1030219838638276e-08,2.0459246941675925e-21,2.0356567574679004e-32,1.3208176167753654e-21,2.4351742014940842e-23,9.592661841064253e-07,3.336728978850936e-12,7.317466381585147e-21,3.14176621337252e-36,1.1423251317223813e-37,2.2706900944582132e-24,5.175312220516671e-12,1.694841316070917e-09,1.9267310968925672e-12,8.389325588932044e-11,6.038641332900103e-13,1.6426150364065887e-13,1.4285855926849498e-09,9.242749981197467e-13,1.3277553404631347e-28,7.51557016722277e-13,3.183276246258369e-09,7.791723643490081e-13,1.1614505240805114e-12,1.351010222967907e-13,3.605082841881101e-14,0.0,0.0,4.201806103480638e-05
1499,2.8674915588785016e-05,1.0,101325.0,0.35,293.15,2338.1,0.001,998.2,31,1.0,1.0,1483.0,0,True,6.141831398010254,9688,3.0432690301445308e-05,4706.279391173944,7.855742381791552e-16,0.0,6.175339934393563e-06,461576.2267059539,True,True,True,True,sin_impulse,NH3,-292489.6305354159,29648.98554363018,1.0,2.8674915588785016e-05,0.0,293.15,0.0,0.0,0.0,0.0,0.0,0.0,0.0,0.0,9.592661841230495e-07,0.0,0.0,0.0,0.0,0.0,0.0,0.0,0.0,0.0,0.0,0.0,0.0,0.0,0.0,0.0,0.0,0.0,0.0,0.0,0.0,0.0,0.0,4.2671413502114296e-05,2.879192986087449e-05,-1.6578160988415783e-12,293.15000000985543,3.198187761454342e-07,7.85753450094235e-09,3.33932859871716e-07,1.0378608655294944e-08,2.056358490429867e-21,3.138367833576194e-32,1.2571951572210161e-21,2.197268015374151e-23,9.592661841090566e-07,2.9854537036566392e-12,6.93945128481396e-21,2.9415898336262102e-36,9.13378753253062e-50,2.1655053708419765e-24,4.706191110703284e-12,1.7443059832632127e-09,1.983457879462386e-12,7.869704410070917e-11,5.739486310562026e-13,1.532256650197034e-13,1.3446919292061843e-09,8.608238184943898e-13,1.1650017568443662e-28,6.634313650205378e-13,3.085949424752779e-09,7.309922240924576e-13,1.1471766364171808e-12,1.2471443057781136e-13,3.580756815862153e-14,1.233663420968026e-30,0.0,4.1984788151576524e-05
1499,2.954862793525065e-05,1.0,101325.0,0.35,293.15,2338.1,0.001,998.2,31,1.0,1.0,1483.0,0,True,6.340940237045288,9928,3.0409198047197236e-05,4731.946216074958,7.628924760872016e-16,0.0,6.068513469918519e-06,467077.3255046232,True,True,True,True,sin_impulse,NH3,-292160.0596050962,29729.314835812354,1.0,2.954862793525065e-05,0.0,293.15,0.0,0.0,0.0,0.0,0.0,0.0,0.0,0.0,9.592661841230498e-07,0.0,0.0,0.0,0.0,0.0,0.0,0.0,0.0,0.0,0.0,0.0,0.0,0.0,0.0,0.0,0.0,0.0,0.0,0.0,0.0,0.0,0.0,4.261051781199929e-05,2.966888067532664e-05,-2.0192521404337624e-12,293.1500000133658,3.205043389491901e-07,6.973828078148672e-09,3.3331684167627645e-07,9.264491046315772e-09,2.165479764841912e-21,9.735857306116405e-33,1.1599573846909093e-21,2.15039701242617e-23,9.592661841024268e-07,2.444779617611305e-12,6.318914500209606e-21,3.501672953672836e-36,1.1673476787587728e-49,1.9761595343215726e-24,3.911549623605898e-12,1.8175948123951859e-09,2.0399899879796727e-12,9.025130410481668e-11,5.102410171239214e-13,1.307009441514749e-13,1.202041868931506e-09,7.475432738550553e-13,8.869043973763463e-29,5.332061108735023e-13,2.8957205045827983e-09,6.4439742473422e-13,1.121466471124064e-12,9.983409149781901e-14,3.52371338117399e-14,0.0,0.0,4.1926339942439485e-05
1499,2.8019631328935785e-05,1.0,101325.0,0.35,293.15,2338.1,0.001,998.2,31,1.0,1.0,1483.0,1,True,19.822112321853638,9405,3.0450505556209192e-05,4683.452176751223,7.974255406630231e-16,0.0,6.2550233625789115e-06,460583.72820051794,True,True,True,True,sin_impulse,NH3,-292736.80873315566,29588.738574493545,1.0,2.8019631328935785e-05,0.0,293.15,0.0,0.0,0.0,0.0,0.0,0.0,0.0,0.0,9.592661841230498e-07,0.0,0.0,0.0,0.0,0.0,0.0,0.0,0.0,0.0,0.0,0.0,0.0,0.0,0.0,0.0,0.0,0.0,0.0,0.0,0.0,0.0,0.0,4.271957752153729e-05,2.8133429435823293e-05,-1.787158142049756e-12,293.15000001069836,3.167099436541629e-07,8.549358050880688e-09,3.321401978172883e-07,1.1383562774264104e-08,2.048845153428803e-21,2.1195852426989052e-32,1.356108313905941e-21,2.5307885711826197e-23,9.592661841064856e-07,3.537989246290372e-12,7.525892631059318e-21,3.181425346361722e-36,1.639319370583629e-36,2.3258874282367193e-24,5.430174489615189e-12,1.6689148145145025e-09,1.890632265326082e-12,8.406518268939341e-11,6.180647851892501e-13,1.7075290102769617e-13,1.4740858033125791e-09,9.584543223735203e-13,1.4247028931428754e-28,8.032388829025322e-13,3.2326234513215213e-09,8.045914935422351e-13,1.168741045222185e-12,1.3984111263276842e-13,3.6139929006700084e-14,0.0,0.0,4.2035793952465885e-05
1499,2.8019826328935785e-05,1.0,101325.0,0.35,293.15,2338.1,0.001,998.2,31,1.0,1.0,1483.0,1,True,19.85977339744568,9430,3.045051934527905e-05,4683.457012183276,7.974249664290771e-16,0.0,6.255016968344966e-06,460583.5890368837,True,True,True,True,sin_impulse,NH3,-292736.80873315566,29588.738574493545,1.0,2.8019826328935785e-05,0.0,293.15,0.0,0.0,0.0,0.0,0.0,0.0,0.0,0.0,9.592661841230495e-07,0.0,0.0,0.0,0.0,0.0,0.0,0.0,0.0,0.0,0.0,0.0,0.0,0.0,0.0,0.0,0.0,0.0,0.0,0.0,0.0,0.0,0.0,4.271956285376e-05,2.8133625491716978e-05,-1.7871202302056468e-12,293.15000001069905,3.167111955377675e-07,8.54917316104335e-09,3.3214102439496973e-07,1.138326093446928e-08,2.0489968768970837e-21,2.117120432084545e-32,1.3560839817088944e-21,2.530778892595464e-23,9.592661841065326e-07,3.537813442434941e-12,7.525704981609752e-21,3.181598940123312e-36,-7.548713617922987e-38,2.3258385296764705e-24,5.4299607182994404e-12,1.6689357895400835e-09,1.890663627339441e-12,8.406504581801013e-11,6.180542795062477e-13,1.7074757345977288e-13,1.474046631064802e-09,9.584249315089452e-13,1.4246204495079222e-28,8.031926069630445e-13,3.232583511274018e-09,8.045695901465346e-13,1.1687493471604993e-12,1.398221804423446e-13,3.6139843094506945e-14,0.0,0.0,4.2035777791348654e-05
1499,2.8019631328935785e-05,1.0,101325.0,0.35,293.15,2338.1,0.001,998.2,31,1.0,1.0,1483.0,1,True,22.048158168792725,9612,3.0450499446935833e-05,4683.45297580847,7.974232994127928e-16,0.0,6.255005498535602e-06,460583.7073157685,True,True,True,True,sin_impulse,NH3,-292736.55873315566,29588.738574493545,1.0,2.8019631328935785e-05,0.0,293.15,0.0,0.0,0.0,0.0,0.0,0.0,0.0,0.0,9.592661841230498e-07,0.0,0.0,0.0,0.0,0.0,0.0,0.0,0.0,0.0,0.0,0.0,0.0,0.0,0.0,0.0,0.0,0.0,0.0,0.0,0.0,0.0,0.0,4.271957752153729e-05,2.813342943602514e-05,-1.7870945815663078e-12,293.1500000106989,3.1670997960681246e-07,8.549334021806544e-09,3.3214021550346187e-07,1.138353982250139e-08,2.0489619993177703e-21,2.1172568306847993e-32,1.3561124057373964e-21,2.530838307289957e-23,9.592661841065373e-07,3.537976591258374e-12,7.525884067819214e-21,3.181580958729951e-36,8.472435343621824e-45,2.325885045115504e-24,5.430153786784062e-12,1.6689178240245497e-09,1.89063722482126e-12,8.406515488660643e-11,6.18062812250832e-13,1.7075228808016977e-13,1.4740831750278275e-09,9.584524549209615e-13,1.4246949605800975e-28,8.032364190796619e-13,3.232619017909728e-09,8.045902612691075e-13,1.1687524923973378e-12,1.3982972183777623e-13,3.61399549551063e-14,0.0,0.0,4.2035793949906246e-05
1499,2.8019631328935785e-05,1.0,101325.0,0.35,293.15,2338.1,0.001,998.2,31,1.0,1.0,1483.0,0,True,6.695460081100464,9741,3.0450462053323376e-05,4683.450595208028,7.974217304018545e-16,0.0,6.2549928265411595e-06,460583.6804657398,True,True,True,True,sin_impulse,NH3,-292736.80873315566,29588.783574493544,1.0,2.8019631328935785e-05,0.0,293.15,0.0,0.0,0.0,0.0,0.0,0.0,0.0,0.0,9.592661841230498e-07,0.0,0.0,0.0,0.0,0.0,0.0,0.0,0.0,0.0,0.0,0.0,0.0,0.0,0.0,0.0,0.0,0.0,0.0,0.0,0.0,0.0,0.0,4.271957752153729e-05,2.8133439430019648e-05,-1.709149295662478e-12,293.1500000100826,3.167129541502411e-07,8.549308089069835e-09,3.321400805341275e-07,1.1383524208098514e-08,2.0434272080358728e-21,1.5967009459457632e-32,1.3543853764259732e-21,2.406910111338331e-23,9.592661841058537e-07,3.5379729209986396e-12,7.522444011017272e-21,2.934177351800907e-36,1.2403372281044957e-49,2.3248392923654717e-24,5.430141384758474e-12,1.6720283252424298e-09,1.8904361693380315e-12,7.700598199228716e-11,6.180605102624538e-13,1.6611000720711591e-13,1.4740871895916961e-09,9.584522362063454e-13,1.3862109212983594e-28,8.032371388992504e-13,3.233034429094213e-09,8.045899370470161e-13,1.1683197285899395e-12,1.4026287396770015e-13,3.610452717979322e-14,0.0,0.0,4.203579394047827e-05
1499,2.807670004298689e-05,1.0,101325.0,0.35,293.15,2338.1,0.001,998.2,31,1.0,1.0,1483.0,0,True,6.4442548751831055,9714,3.0449909598770988e-05,4685.508653515554,7.967579915575854e-16,0.0,6.249343417691261e-06,460551.03116011585,True,True,True,True,sin_impulse,NH3,-292725.8286155678,29593.255939004874,1.0,2.807670004298689e-05,0.0,293.15,0.0,0.0,0.0,0.0,0.0,0.0,0.0,0.0,9.592661841230495e-07,0.0,0.0,0.0,0.0,0.0,0.0,0.0,0.0,0.0,0.0,0.0,0.0,0.0,0.0,0.0,0.0,0.0,0.0,0.0,0.0,0.0,0.0,4.2715293544255045e-05,2.8190815283583916e-05,-1.7497154207618048e-12,293.1500000104404,3.1707612905847705e-07,8.490141161116497e-09,3.3237847926849256e-07,1.1290944942771766e-08,2.0487820177741626e-21,1.424614708933462e-32,1.3495529391267826e-21,2.4720042373466447e-23,9.592661841069316e-07,3.4844591935938446e-12,7.488875492101077e-21,3.642083637823452e-36,1.6039933982662913e-49,2.317093595789503e-24,5.363645241450073e-12,1.6765168185564776e-09,1.9009598852424205e-12,8.202123599506061e-11,6.145480215870886e-13,1.6968006763270296e-13,1.4621394319158465e-09,9.49485742127176e-13,1.4041503988989507e-28,7.893581740112013e-13,3.2201262148972347e-09,7.979484184696299e-13,1.1664604070777502e-12,1.3900082579077561e-13,3.622111861845745e-14,-1.1562212250838574e-29,0.0,4.2031087361134987e-05
1499,2.813376875703799e-05,1.0,101325.0,0.35,293.15,2338.1,0.001,998.2,31,1.0,1.0,1483.0,0,True,5.910724878311157,9632,3.044931416786527e-05,4687.542756370031,7.960502312898926e-16,0.0,6.243657631113445e-06,460541.11071316287,True,True,True,True,sin_impulse,NH3,-292714.84849798004,29597.773303516202,1.0,2.813376875703799e-05,0.0,293.15,0.0,0.0,0.0,0.0,0.0,0.0,0.0,0.0,9.592661841230495e-07,0.0,0.0,0.0,0.0,0.0,0.0,0.0,0.0,0.0,0.0,0.0,0.0,0.0,0.0,0.0,0.0,0.0,0.0,0.0,0.0,0.0,0.0,4.2711026946875e-05,2.8248185476507364e-05,-1.9295718466302355e-12,293.150000011666,3.1742022974072325e-07,8.431021468733678e-09,3.3260145061683233e-07,1.1199622847550587e-08,2.0641323392264306e-21,1.0946482606188545e-32,1.3499701806807437e-21,2.5773618189629517e-23,9.592661840798814e-07,3.4321822519972677e-12,7.482639179805673e-21,3.3664903676554986e-36,1.0503196135294276e-49,2.3176521978955822e-24,5.298053485231612e-12,1.67995037536471e-09,1.91228132313086e-12,8.91911754564869e-11,6.109936980560318e-13,1.6754723090295115e-13,1.4503578804052472e-09,9.405746791421132e-13,1.3753076455361034e-28,7.758575647533968e-13,3.2071046898617796e-09,7.913661900577262e-13,1.164812772865425e-12,1.3751304616222245e-13,3.6502257313827315e-14,0.0,0.0,4.202643060101856e-05
1499,2.8247906185140197e-05,1.0,101325.0,0.35,293.15,2338.1,0.001,998.2,31,1.0,1.0,1483.0,1,True,22.078115224838257,9682,3.044812483951554e-05,4691.542143755404,7.945170415160008e-16,0.0,6.2322679570150985e-06,460588.0830013379,True,True,True,True,sin_impulse,NH3,-292692.8882628044,29606.808032538855,1.0,2.8247906185140197e-05,0.0,293.15,0.0,0.0,0.0,0.0,0.0,0.0,0.0,0.0,9.592661841230495e-07,0.0,0.0,0.0,0.0,0.0,0.0,0.0,0.0,0.0,0.0,0.0,0.0,0.0,0.0,0.0,0.0,0.0,0.0,0.0,0.0,0.0,0.0,4.270254547047397e-05,2.8362901061214846e-05,-1.756189221587884e-12,293.15000001076936,3.1806338887444313e-07,8.313093352058995e-09,3.3300162839533374e-07,1.1020779809797987e-08,2.0444558040368422e-21,2.0049254974669125e-32,1.3195029317715192e-21,2.4318768722466748e-23,9.592661841064342e-07,3.3312533010830705e-12,7.309984292170056e-21,3.138509182383242e-36,9.742651286626045e-50,2.268716110311391e-24,5.169629376214348e-12,1.6951717181948661e-09,1.927506333969301e-12,8.388963681039521e-11,6.037759222271464e-13,1.6413949755824968e-13,1.4272795328119817e-09,9.232731449155661e-13,1.3256184048231668e-28,7.499502024337946e-13,3.182288703412238e-09,7.783831505915298e-13,1.1609420688747925e-12,1.3506316880244546e-13,3.603986365052979e-14,0.0,0.0,4.201726680925245e-05
1499,2.8476181041344608e-05,1.0,101325.0,0.35,293.15,2338.1,0.001,998.2,31,1.0,1.0,1483.0,0,True,6.602135896682739,9821,3.044575223067667e-05,4699.272379187635,7.909983428672348e-16,0.0,6.209416201597626e-06,460940.6321551509,True,True,True,True,sin_impulse,NH3,-292648.9677924532,29624.877490584164,1.0,2.8476181041344608e-05,0.0,293.15,0.0,0.0,0.0,0.0,0.0,0.0,0.0,0.0,9.592661841230495e-07,0.0,0.0,0.0,0.0,0.0,0.0,0.0,0.0,0.0,0.0,0.0,0.0,0.0,0.0,0.0,0.0,0.0,0.0,0.0,0.0,0.0,0.0,4.268578648896319e-05,2.8592303381302305e-05,-1.752004533125914e-12,293.15000001063544,3.1913434485926665e-07,8.078663789428198e-09,3.3362133950596214e-07,1.0677736897583184e-08,2.047973602489459e-21,1.5033807616307931e-33,1.2853548974442568e-21,2.3382049137944282e-23,9.59266184094177e-07,3.1430749013604216e-12,7.106295097757393e-21,3.097766834231433e-36,9.599122817958307e-50,2.2128570573909186e-24,4.9235186843382985e-12,1.7199790059363994e-09,1.959866686928574e-12,8.333417379404144e-11,5.889357903527127e-13,1.5786116469537542e-13,1.383012226990163e-09,8.898464820304534e-13,1.2350245751359682e-28,7.022199266562545e-13,3.13235143563966e-09,7.531359826554636e-13,1.1535112243865336e-12,1.2970535159362802e-13,3.590849709027387e-14,0.0,0.0,4.199951876047943e-05
1499,2.8932730753753434e-05,1.0,101325.0,0.35,293.15,2338.1,0.001,998.2,31,1.0,1.0,1483.0,1,True,22.135440349578857,9996,3.0441033286030784e-05,4713.662393736995,7.82294284902505e-16,0.0,6.16345214962933e-06,462619.2150942381,True,True,True,True,sin_impulse,NH3,-292561.12685175065,29661.016406674782,1.0,2.8932730753753434e-05,0.0,293.15,0.0,0.0,0.0,0.0,0.0,0.0,0.0,0.0,9.592661841230498e-07,0.0,0.0,0.0,0.0,0.0,0.0,0.0,0.0,0.0,0.0,0.0,0.0,0.0,0.0,0.0,0.0,0.0,0.0,0.0,0.0,0.0,0.0,4.265306188087112e-05,2.9050845400643436e-05,-1.767036565933178e-12,293.15000001098434,3.2047598764670306e-07,7.617373006854521e-09,3.3416980241701153e-07,1.0045709679812256e-08,2.0653601521025105e-21,1.845940984375099e-32,1.222851087283381e-21,2.1940098283481762e-23,9.592661841060856e-07,2.814946128539998e-12,6.7284485019789084e-21,3.081541514082262e-36,-1.2918483042632156e-39,2.1039514433223137e-24,4.471553499855337e-12,1.7645746453540878e-09,2.005470990673716e-12,8.341597635263045e-11,5.579474212730916e-13,1.4591527488383933e-13,1.3015489747052592e-09,8.273195442940535e-13,1.0737335426649814e-28,6.208462323388898e-13,3.0337532087185664e-09,7.053836845357042e-13,1.1386427879678483e-12,1.185368214054707e-13,3.5538143190113635e-14,0.0,0.0,4.196625751347523e-05
1499,2.813376875703799e-05,1.0,101325.0,0.35,293.15,2338.1,0.001,998.2,31,1.0,1.0,1483.0,0,True,6.635918140411377,9632,3.044931416786527e-05,4687.542756370031,7.960502312898926e-16,0.0,6.243657631113445e-06,460541.11071316287,True,True,True,True,sin_impulse,NH3,-292714.84849798004,29597.773303516202,1.0,2.813376875703799e-05,0.0,293.15,0.0,0.0,0.0,0.0,0.0,0.0,0.0,0.0,9.592661841230495e-07,0.0,0.0,0.0,0.0,0.0,0.0,0.0,0.0,0.0,0.0,0.0,0.0,0.0,0.0,0.0,0.0,0.0,0.0,0.0,0.0,0.0,0.0,4.2711026946875e-05,2.8248185476507364e-05,-1.9295718466302355e-12,293.150000011666,3.1742022974072325e-07,8.431021468733678e-09,3.3260145061683233e-07,1.1199622847550587e-08,2.0641323392264306e-21,1.0946482606188545e-32,1.3499701806807437e-21,2.5773618189629517e-23,9.592661840798814e-07,3.4321822519972677e-12,7.482639179805673e-21,3.3664903676554986e-36,1.0503196135294276e-49,2.3176521978955822e-24,5.298053485231612e-12,1.67995037536471e-09,1.91228132313086e-12,8.91911754564869e-11,6.109936980560318e-13,1.6754723090295115e-13,1.4503578804052472e-09,9.405746791421132e-13,1.3753076455361034e-28,7.758575647533968e-13,3.2071046898617796e-09,7.913661900577262e-13,1.164812772865425e-12,1.3751304616222245e-13,3.6502257313827315e-14,0.0,0.0,4.202643060101856e-05
1499,2.813396375703799e-05,1.0,101325.0,0.35,293.15,2338.1,0.001,998.2,31,1.0,1.0,1483.0,0,True,6.426181793212891,9657,3.0449327949422636e-05,4687.549349847725,7.960493897143219e-16,0.0,6.243651173365826e-06,460541.12125948933,True,True,True,True,sin_impulse,NH3,-292714.84849798004,29597.773303516202,1.0,2.813396375703799e-05,0.0,293.15,0.0,0.0,0.0,0.0,0.0,0.0,0.0,0.0,9.592661841230495e-07,0.0,0.0,0.0,0.0,0.0,0.0,0.0,0.0,0.0,0.0,0.0,0.0,0.0,0.0,0.0,0.0,0.0,0.0,0.0,0.0,0.0,0.0,4.27110123978689e-05,2.8248381452013508e-05,-1.7359199375083842e-12,293.1500000103523,3.174244476211357e-07,8.430837084205885e-09,3.326021746250604e-07,1.1199329272594539e-08,2.0492477623480924e-21,9.600918125425632e-33,1.3399507313806565e-21,2.4517442187076434e-23,9.592661841070654e-07,3.4320137626766925e-12,7.43151637683898e-21,3.1073164913758365e-36,9.688980777493585e-50,2.3018476959181608e-24,5.2978417373886995e-12,1.6830633906060533e-09,1.904967413952606e-12,8.220297357659531e-11,6.109829256056611e-13,1.6746730703103887e-13,1.4503200671503972e-09,9.40606116738764e-13,1.3745488708998285e-28,7.758163475005581e-13,3.2074720771125297e-09,7.913440426357449e-13,1.164730150794961e-12,1.375834913963139e-13,3.6181778588528484e-14,0.0,0.0,4.202641518882256e-05
1499,2.813376875703799e-05,1.0,101325.0,0.35,293.15,2338.1,0.001,998.2,31,1.0,1.0,1483.0,0,True,6.2118306159973145,9638,3.044930806390622e-05,4687.5414514222075,7.960480129571708e-16,0.0,6.243639794064198e-06,460541.07840490434,True,True,True,True,sin_impulse,NH3,-292714.59849798004,29597.773303516202,1.0,2.813376875703799e-05,0.0,293.15,0.0,0.0,0.0,0.0,0.0,0.0,0.0,0.0,9.592661841230495e-07,0.0,0.0,0.0,0.0,0.0,0.0,0.0,0.0,0.0,0.0,0.0,0.0,0.0,0.0,0.0,0.0,0.0,0.0,0.0,0.0,0.0,0.0,4.2711026946875e-05,2.8248185512057804e-05,-2.2127263768797703e-12,293.1500000140637,3.1741654610793324e-07,8.430997942391496e-09,3.326014450966084e-07,1.119960274681272e-08,2.0815011570606954e-21,1.76815427746792e-32,1.3616799599276571e-21,2.727823952028667e-23,9.59266184101389e-07,3.432168225801322e-12,7.542259642155003e-21,3.7474555695950257e-36,-7.820688706064881e-48,2.336092084004615e-24,5.298032535098021e-12,1.6762648137772079e-09,1.909166516109042e-12,9.758091159302067e-11,6.109916457741059e-13,1.6804160758012382e-13,1.4503545980997392e-09,9.406345851762766e-13,1.3794179967691752e-28,7.758552188072691e-13,3.2065971147642152e-09,7.913648622317892e-13,1.1648939676842303e-12,1.3743172570331664e-13,3.6877581699608296e-14,0.0,0.0,4.2026430141086446e-05
1499,2.813376875703799e-05,1.0,101325.0,0.35,293.15,2338.1,0.001,998.2,31,1.0,1.0,1483.0,0,True,5.917121648788452,9553,3.0449270730384945e-05,4687.541338743099,7.960464587149809e-16,0.0,6.2436275888024455e-06,460541.0773072563,True,True,True,True,sin_impulse,NH3,-292714.84849798004,29597.8183035162,1.0,2.813376875703799e-05,0.0,293.15,0.0,0.0,0.0,0.0,0.0,0.0,0.0,0.0,9.592661841230495e-07,0.0,0.0,0.0,0.0,0.0,0.0,0.0,0.0,0.0,0.0,0.0,0.0,0.0,0.0,0.0,0.0,0.0,0.0,0.0,0.0,0.0,0.0,4.2711026946875e-05,2.824818529700999e-05,-1.7807225359189062e-12,293.1500000106917,3.1742286188493645e-07,8.430981673858284e-09,3.3260146848197676e-07,1.1199586068527007e-08,2.047817885775345e-21,2.4557287304529415e-32,1.3385353046245025e-21,2.4698845119907238e-23,9.592661841065474e-07,3.4321602331942223e-12,7.422590580260625e-21,3.8169928021746435e-36,2.0516471727065983e-49,2.2990707828924014e-24,5.298015694146999e-12,1.6825405534134706e-09,1.9110695040878195e-12,8.332168337716302e-11,6.109903010542783e-13,1.6530022241382061e-13,1.4503561296353373e-09,9.406280123729386e-13,1.3569001010328053e-28,7.758540910911577e-13,3.2074457143392777e-09,7.913635424626139e-13,1.1648428512035566e-12,1.374836244856843e-13,3.612995625082832e-14,0.0,0.0,4.2026430986258245e-05
1499,2.812702585300878e-05,1.0,101325.0,0.35,293.15,2338.1,0.001,998.2,31,1.0,1.0,1483.0,0,True,6.294082403182983,9763,3.0443434201890842e-05,4687.554778930392,7.954180781355654e-16,0.0,6.238703083747279e-06,460541.3777180223,True,True,True,True,sin_impulse,NH3,-292688.3656483687,29602.702168620275,1.0,2.812702585300878e-05,0.0,293.15,0.0,0.0,0.0,0.0,0.0,0.0,0.0,0.0,9.592661841230495e-07,0.0,0.0,0.0,0.0,0.0,0.0,0.0,0.0,0.0,0.0,0.0,0.0,0.0,0.0,0.0,0.0,0.0,0.0,0.0,0.0,0.0,0.0,4.2711530160978064e-05,2.824140615693185e-05,-1.9507119628509283e-12,293.1500000120417,3.173878449520892e-07,8.430394500406809e-09,3.3257838974763396e-07,1.1203256220993753e-08,2.0620039971912063e-21,1.9632523071392707e-32,1.3500615739590261e-21,2.5834402494702365e-23,9.59266184104482e-07,3.434476467720248e-12,7.483612327414044e-21,6.75846564507891e-36,2.3866333896395517e-49,2.3177195356523784e-24,5.299348584622868e-12,1.6799412875872798e-09,1.9132689571871686e-12,8.954469711946915e-11,6.107821154146959e-13,1.6795338137658114e-13,1.450931222226404e-09,9.410684265498661e-13,1.3790725283969635e-28,7.766942220428839e-13,3.2071806740408976e-09,7.917541882081223e-13,1.1649756015451884e-12,1.377257821937837e-13,3.6492424171770704e-14,0.0,0.0,4.20269838827107e-05
1499,2.812028294897957e-05,1.0,101325.0,0.35,293.15,2338.1,0.001,998.2,31,1.0,1.0,1483.0,0,True,6.684224605560303,9785,3.04375559375858e-05,4687.565434145765,7.947863099329024e-16,0.0,6.233752726214516e-06,460541.7316256305,True,True,True,True,sin_impulse,NH3,-292661.88279875746,29607.63103372435,1.0,2.812028294897957e-05,0.0,293.15,0.0,0.0,0.0,0.0,0.0,0.0,0.0,0.0,9.592661841230495e-07,0.0,0.0,0.0,0.0,0.0,0.0,0.0,0.0,0.0,0.0,0.0,0.0,0.0,0.0,0.0,0.0,0.0,0.0,0.0,0.0,0.0,0.0,4.2712033616410444e-05,2.823462667651175e-05,-1.9607809048064086e-12,293.1500000118971,3.17355422927939e-07,8.42976793856934e-09,3.325553124800486e-07,1.12068917623148e-08,2.047719011187422e-21,1.6162387667199077e-32,1.33908575456806e-21,2.5843194130954963e-23,9.59266184104882e-07,3.436770225024211e-12,7.421156945190313e-21,3.346607878609841e-36,1.0940779072821355e-49,2.2981458128063463e-24,5.300643330630776e-12,1.6798739061049512e-09,1.9126534363166296e-12,8.99811982497621e-11,6.105707085269963e-13,1.262539451027144e-13,1.451547465352885e-09,9.408756657000345e-13,1.039319148983429e-28,7.775432002742886e-13,3.207253013788048e-09,7.921421071561524e-13,1.1656476710940102e-12,1.374297154888352e-13,3.610348875480726e-14,0.0,0.0,4.202753744790409e-05
1499,2.8106797140921148e-05,1.0,101325.0,0.35,293.15,2338.1,0.001,998.2,31,1.0,1.0,1483.0,0,True,6.619227647781372,9717,3.0425804509246505e-05,4687.587908751424,7.935244074397941e-16,0.0,6.223864529071724e-06,460542.41912707436,True,True,True,True,sin_impulse,NH3,-292608.9170995349,29617.4887639325,1.0,2.8106797140921148e-05,0.0,293.15,0.0,0.0,0.0,0.0,0.0,0.0,0.0,0.0,9.592661841230495e-07,0.0,0.0,0.0,0.0,0.0,0.0,0.0,0.0,0.0,0.0,0.0,0.0,0.0,0.0,0.0,0.0,0.0,0.0,0.0,0.0,0.0,0.0,4.271304125195793e-05,2.822106837702174e-05,-2.220913175186687e-12,293.150000013304,3.172885894164263e-07,8.428520105799469e-09,3.3250911783423855e-07,1.121417485366563e-08,2.0509888392639224e-21,2.0753340231889064e-32,1.3412399233182893e-21,2.674795390228419e-23,9.59266184102554e-07,3.441377742651184e-12,7.429546438595128e-21,3.5324289554058777e-36,9.417931041860751e-49,2.300265802890995e-24,5.303248590944139e-12,1.6779379047179558e-09,1.910324543877877e-12,9.510920538621247e-11,6.101484063618675e-13,1.6723166408418942e-13,1.4526567008114876e-09,9.42360934868039e-13,1.3744900987129625e-28,7.792401669501762e-13,3.207137347588217e-09,7.929199096067102e-13,1.1665225573675253e-12,1.3730885953441548e-13,3.6132488750365124e-14,3.545683702851565e-30,0.0,4.202864506880026e-05
1499,2.8079825524804304e-05,1.0,101325.0,0.35,293.15,2338.1,0.001,998.2,31,1.0,1.0,1483.0,0,True,7.406640529632568,9730,3.0402322028912713e-05,4687.641981544648,7.910070491241864e-16,0.0,6.204138129257469e-06,460543.7584750675,True,True,True,True,sin_impulse,NH3,-292502.98570108967,29637.204224348796,1.0,2.8079825524804304e-05,0.0,293.15,0.0,0.0,0.0,0.0,0.0,0.0,0.0,0.0,9.592661841230495e-07,0.0,0.0,0.0,0.0,0.0,0.0,0.0,0.0,0.0,0.0,0.0,0.0,0.0,0.0,0.0,0.0,0.0,0.0,0.0,0.0,0.0,0.0,4.271505942665632e-05,2.81939512990685e-05,-1.6452323378445203e-12,293.1500000092566,3.17166502872171e-07,8.426047611453943e-09,3.3241658883963413e-07,1.1228793029313952e-08,2.0566249039643485e-21,1.5898327951627312e-32,1.3427860708276067e-21,2.403710529937563e-23,9.59266184116893e-07,3.450626910905238e-12,7.44942479138303e-21,3.004148493716946e-36,9.384852181085492e-50,2.305544598244051e-24,5.308486885279665e-12,1.685782944312165e-09,1.907374948180791e-12,7.864593739481505e-11,6.09305789491701e-13,1.675534441052792e-13,1.4549648031260454e-09,9.440439868855738e-13,1.3789556795001806e-28,7.826534269859953e-13,3.208506820644569e-09,7.944793027109698e-13,1.1681197445724751e-12,1.3722032807631068e-13,3.6152292185140486e-14,0.0,0.0,4.2030865123513384e-05
1499,2.8025882292570617e-05,1.0,101325.0,0.35,293.15,2338.1,0.001,998.2,31,1.0,1.0,1483.0,0,True,6.396416664123535,9684,3.035543836755852e-05,4687.737397891061,7.8599740201376845e-16,0.0,6.164884495795589e-06,460546.65237651026,True,True,True,True,sin_impulse,NH3,-292291.12290419935,29676.63514518139,1.0,2.8025882292570617e-05,0.0,293.15,0.0,0.0,0.0,0.0,0.0,0.0,0.0,0.0,9.592661841230495e-07,0.0,0.0,0.0,0.0,0.0,0.0,0.0,0.0,0.0,0.0,0.0,0.0,0.0,0.0,0.0,0.0,0.0,0.0,0.0,0.0,0.0,0.0,4.271910742958806e-05,2.8139716553878993e-05,-1.7842285008360731e-12,293.15000001043916,3.169076169440345e-07,8.421187663746601e-09,3.3223087663463034e-07,1.1258225828608e-08,2.070886987873097e-21,-9.661089097645121e-34,1.3488487461174685e-21,2.3893691323045848e-23,9.592661840829108e-07,3.4692885692863538e-12,7.483762830917575e-21,3.0128911152656145e-36,9.462654179318983e-50,2.314299723791698e-24,5.319095634727515e-12,1.6877150631574871e-09,1.905467963293125e-12,7.688744381609901e-11,6.076284991718286e-13,1.5608950295552204e-13,1.4596233995982094e-09,9.475820798215547e-13,1.2887488547564916e-28,7.895212335393794e-13,3.2094154853502476e-09,7.976154688376817e-13,1.171730169628682e-12,1.3663689167655006e-13,3.622474401445217e-14,0.0,0.0,4.2035316383402346e-05
1499,2.812702585300878e-05,1.0,101325.0,0.35,293.15,2338.1,0.001,998.2,31,1.0,1.0,1483.0,0,True,6.413444757461548,9763,3.0443434201890842e-05,4687.554778930392,7.954180781355654e-16,0.0,6.238703083747279e-06,460541.3777180223,True,True,True,True,sin_impulse,NH3,-292688.3656483687,29602.702168620275,1.0,2.812702585300878e-05,0.0,293.15,0.0,0.0,0.0,0.0,0.0,0.0,0.0,0.0,9.592661841230495e-07,0.0,0.0,0.0,0.0,0.0,0.0,0.0,0.0,0.0,0.0,0.0,0.0,0.0,0.0,0.0,0.0,0.0,0.0,0.0,0.0,0.0,0.0,4.2711530160978064e-05,2.824140615693185e-05,-1.9507119628509283e-12,293.1500000120417,3.173878449520892e-07,8.430394500406809e-09,3.3257838974763396e-07,1.1203256220993753e-08,2.0620039971912063e-21,1.9632523071392707e-32,1.3500615739590261e-21,2.5834402494702365e-23,9.59266184104482e-07,3.434476467720248e-12,7.483612327414044e-21,6.75846564507891e-36,2.3866333896395517e-49,2.3177195356523784e-24,5.299348584622868e-12,1.6799412875872798e-09,1.9132689571871686e-12,8.954469711946915e-11,6.107821154146959e-13,1.6795338137658114e-13,1.450931222226404e-09,9.410684265498661e-13,1.3790725283969635e-28,7.766942220428839e-13,3.2071806740408976e-09,7.917541882081223e-13,1.1649756015451884e-12,1.377257821937837e-13,3.6492424171770704e-14,0.0,0.0,4.20269838827107e-05
1499,2.812722085300878e-05,1.0,101325.0,0.35,293.15,2338.1,0.001,998.2,31,1.0,1.0,1483.0,0,True,6.348186016082764,9865,3.0443447984589142e-05,4687.5619419757595,7.954171193873982e-16,0.0,6.2386966346710444e-06,460541.45675531426,True,True,True,True,sin_impulse,NH3,-292688.3656483687,29602.702168620275,1.0,2.812722085300878e-05,0.0,293.15,0.0,0.0,0.0,0.0,0.0,0.0,0.0,0.0,9.592661841230495e-07,0.0,0.0,0.0,0.0,0.0,0.0,0.0,0.0,0.0,0.0,0.0,0.0,0.0,0.0,0.0,0.0,0.0,0.0,0.0,0.0,0.0,0.0,4.271151560499547e-05,2.8241602054561884e-05,-1.727536368113997e-12,293.15000001017086,3.1739241987385054e-07,8.430208908277574e-09,3.325791127629621e-07,1.12029606631318e-08,2.0455244250573766e-21,5.819010406690904e-32,1.3373636655255766e-21,2.4429931152034472e-23,9.592661841032798e-07,3.4343085393456198e-12,7.417347048152025e-21,3.085417399745961e-36,9.604164486385374e-50,2.297230146862348e-24,5.299140513472909e-12,1.6833979613777107e-09,1.911925458642756e-12,8.173773365409666e-11,6.107713600098359e-13,1.5973165091978535e-13,1.4509023765089288e-09,9.41038595520302e-13,1.3119084567731572e-28,7.766572781630099e-13,3.207604512293307e-09,7.91732486017635e-13,1.1651416007512169e-12,1.3754964289236095e-13,3.60799657592668e-14,0.0,0.0,4.2026968527098034e-05
1499,2.812702585300878e-05,1.0,101325.0,0.35,293.15,2338.1,0.001,998.2,31,1.0,1.0,1483.0,0,True,6.375424385070801,9801,3.0443428098775274e-05,4687.55642775176,7.954158003021654e-16,0.0,6.238685262437107e-06,460541.38099725754,True,True,True,True,sin_impulse,NH3,-292688.1156483687,29602.702168620275,1.0,2.812702585300878e-05,0.0,293.15,0.0,0.0,0.0,0.0,0.0,0.0,0.0,0.0,9.592661841230495e-07,0.0,0.0,0.0,0.0,0.0,0.0,0.0,0.0,0.0,0.0,0.0,0.0,0.0,0.0,0.0,0.0,0.0,0.0,0.0,0.0,0.0,0.0,4.2711530160978064e-05,2.824140620439216e-05,-2.022004751597956e-12,293.1500000125327,3.173857899540552e-07,8.43037031584051e-09,3.3257838522897794e-07,1.1203234625314703e-08,2.0728196661722374e-21,8.064102307473862e-32,1.357388821818914e-21,2.668347433254143e-23,9.59266184099792e-07,3.434463320008633e-12,7.521266038890233e-21,6.621935645588098e-36,4.496031910031676e-49,2.3293682993587927e-24,5.299327671548697e-12,1.677881631277052e-09,1.90884397967552e-12,9.424674411296818e-11,6.10780083664246e-13,1.679058300536014e-13,1.4509281434651517e-09,9.41079210055879e-13,1.3787360734688544e-28,7.766993916931225e-13,3.2068919870245973e-09,7.917527884408074e-13,1.1650180721584487e-12,1.376839391541106e-13,3.672805754872998e-14,0.0,0.0,4.202698363790444e-05
1499,2.812702585300878e-05,1.0,101325.0,0.35,293.15,2338.1,0.001,998.2,31,1.0,1.0,1483.0,0,True,6.705085515975952,9858,3.0443390779937316e-05,4687.553871916357,7.954141697778575e-16,0.0,6.238673071567582e-06,460541.4251287864,True,True,True,True,sin_impulse,NH3,-292688.3656483687,29602.747168620273,1.0,2.812702585300878e-05,0.0,293.15,0.0,0.0,0.0,0.0,0.0,0.0,0.0,0.0,9.592661841230495e-07,0.0,0.0,0.0,0.0,0.0,0.0,0.0,0.0,0.0,0.0,0.0,0.0,0.0,0.0,0.0,0.0,0.0,0.0,0.0,0.0,0.0,0.0,4.2711530160978064e-05,2.8241406085499397e-05,-1.8979558274901438e-12,293.15000001193044,3.173900957684789e-07,8.430353140881114e-09,3.325783954642666e-07,1.1203217701531293e-08,2.0454825415738045e-21,-1.1204867601019712e-32,1.3375057450510443e-21,2.4888720865740426e-23,9.592661841046143e-07,3.4344568923352775e-12,7.416302558947161e-21,7.047679231805012e-37,-1.6734284336552735e-48,2.2968890955578906e-24,5.299313370208205e-12,1.6822244042217882e-09,1.9118606482854843e-12,8.445402571931023e-11,6.107787041044448e-13,2.281335238710805e-13,1.4508671696346275e-09,9.410631654969974e-13,1.8692119186504636e-28,7.767010041105285e-13,3.2074713040531018e-09,7.917519378277427e-13,1.165175012333738e-12,1.375263448369625e-13,3.607843035433531e-14,3.4240967112322884e-30,0.0,4.202698423353337e-05
1499,2.812049787586279e-05,1.0,101325.0,0.35,293.15,2338.1,0.001,998.2,31,1.0,1.0,1483.0,1,True,25.00798988342285,9681,3.0443853292879537e-05,4687.313294668296,7.955255572090882e-16,0.0,6.239546968375896e-06,460541.4437003596,True,True,True,True,sin_impulse,NH3,-292688.71288420516,29601.79851616933,1.0,2.812049787586279e-05,0.0,293.15,0.0,0.0,0.0,0.0,0.0,0.0,0.0,0.0,9.592661841230495e-07,0.0,0.0,0.0,0.0,0.0,0.0,0.0,0.0,0.0,0.0,0.0,0.0,0.0,0.0,0.0,0.0,0.0,0.0,0.0,0.0,0.0,0.0,4.271201756528088e-05,2.823483369028188e-05,-1.784650879930357e-12,293.15000001072843,3.1735136795451434e-07,8.437423052378859e-09,3.325537152746393e-07,1.1213883538796713e-08,2.047807700835661e-21,2.078165760577739e-32,1.3393832991790086e-21,2.4847908387125536e-23,9.592661841064903e-07,3.4405229286557647e-12,7.427130909452559e-21,3.1627622066365145e-36,1.0698875933527821e-39,2.2999658491337426e-24,5.307024293149417e-12,1.681616342435196e-09,1.9085021352133257e-12,8.398193189635288e-11,6.112134058627591e-13,1.6761176525568944e-13,1.452298564797342e-09,9.420932940061842e-13,1.3775298267703126e-28,7.782513417905046e-13,3.2089963403820886e-09,7.925168500897399e-13,1.1654822120618383e-12,1.3757709423428776e-13,3.6107616441147903e-14,0.0,0.0,4.202751483029215e-05
1499,2.81139698987168e-05,1.0,101325.0,0.35,293.15,2338.1,0.001,998.2,31,1.0,1.0,1483.0,0,True,8.227628469467163,9756,3.044427234517098e-05,4687.072323163718,7.956327655133031e-16,0.0,6.240389911527476e-06,460541.59691497596,True,True,True,True,sin_impulse,NH3,-292689.06012004154,29600.894863718382,1.0,2.81139698987168e-05,0.0,293.15,0.0,0.0,0.0,0.0,0.0,0.0,0.0,0.0,9.592661841230498e-07,0.0,0.0,0.0,0.0,0.0,0.0,0.0,0.0,0.0,0.0,0.0,0.0,0.0,0.0,0.0,0.0,0.0,0.0,0.0,0.0,0.0,0.0,4.2712505195931265e-05,2.8228281755380693e-05,-1.8083681793002305e-12,293.1500000091382,3.173115248123746e-07,8.44443738279656e-09,3.325285159628297e-07,1.1224536375860844e-08,2.0489255057847468e-21,1.3998098854928796e-32,1.3420490730565383e-21,2.5000363519423324e-23,9.592661839263685e-07,3.4466022708176803e-12,7.442284536132953e-21,3.21400708873358e-36,1.0022233387487907e-49,2.3043721164519882e-24,5.314721540373557e-12,1.6805265506076255e-09,1.9074203387350907e-12,8.468210189792236e-11,6.116422594262372e-13,1.677568373301609e-13,1.4536706847131804e-09,9.431260830368214e-13,1.3800536118731027e-28,7.797963199184752e-13,3.2104415715325602e-09,7.932823197373932e-13,1.1655664526884804e-12,1.3785393024227817e-13,3.6164604166852473e-14,0.0,0.0,4.2028045227262526e-05
1499,2.810091394442482e-05,1.0,101325.0,0.35,293.15,2338.1,0.001,998.2,31,1.0,1.0,1483.0,0,True,7.319609642028809,9659,3.0445110643898022e-05,4686.588347892059,7.958454886367846e-16,0.0,6.242076565010184e-06,460542.9398133917,True,True,True,True,sin_impulse,NH3,-292689.75459171436,29599.08755881649,1.0,2.810091394442482e-05,0.0,293.15,0.0,0.0,0.0,0.0,0.0,0.0,0.0,0.0,9.592661841230495e-07,0.0,0.0,0.0,0.0,0.0,0.0,0.0,0.0,0.0,0.0,0.0,0.0,0.0,0.0,0.0,0.0,0.0,0.0,0.0,0.0,0.0,0.0,4.271348113690565e-05,2.8215157038299296e-05,-1.815904822538794e-12,293.15000001101015,3.172316893378572e-07,8.458487933622278e-09,3.324777787822362e-07,1.1245891743686448e-08,2.05400850673378e-21,1.4577490816721138e-32,1.3479939300120033e-21,2.5217746934871462e-23,9.59266184106129e-07,3.4587963366934283e-12,7.475902545896001e-21,3.2298154717390116e-36,1.0098776052443933e-49,2.3142050427994135e-24,5.33014791496415e-12,1.678603282773951e-09,1.906918465886802e-12,8.547827815056552e-11,6.125002563166402e-13,1.67977828006115e-13,1.4564183796043614e-09,9.451946732849135e-13,1.3845534005673492e-28,7.829500567196224e-13,3.2133730752437327e-09,7.948141940357146e-13,1.1659158813256874e-12,1.3822262298130622e-13,3.6296741874413123e-14,0.0,0.0,4.202910895114505e-05
1499,2.807480203584086e-05,1.0,101325.0,0.35,293.15,2338.1,0.001,998.2,31,1.0,1.0,1483.0,0,True,6.976032018661499,9682,3.044678770972386e-05,4685.624285884445,7.962640541656294e-16,0.0,6.2454493429339495e-06,460549.5641359639,True,True,True,True,sin_impulse,NH3,-292691.14353506005,29595.4729490127,1.0,2.807480203584086e-05,0.0,293.15,0.0,0.0,0.0,0.0,0.0,0.0,0.0,0.0,9.592661841230495e-07,0.0,0.0,0.0,0.0,0.0,0.0,0.0,0.0,0.0,0.0,0.0,0.0,0.0,0.0,0.0,0.0,0.0,0.0,0.0,0.0,0.0,0.0,4.2715435741974045e-05,2.8188906659141422e-05,-1.8624540467218008e-12,293.15000001160644,3.1706962781726513e-07,8.486601441706247e-09,3.3237370386422596e-07,1.128880881631329e-08,2.0414452405547415e-21,1.1435864079600677e-32,1.3466538905007273e-21,2.526781862363683e-23,9.592661841050889e-07,3.4833853554630133e-12,7.470929204030501e-21,3.241673049022059e-36,9.540350157323847e-50,2.311496057798166e-24,5.361154063595013e-12,1.6755019255527798e-09,1.904406522356803e-12,8.548472651161241e-11,6.14209895751397e-13,2.815259450425427e-13,1.4618281413375952e-09,9.492936327007243e-13,2.322831000119968e-28,7.892668842844827e-13,3.2193265696715627e-09,7.978874151501388e-13,1.166338791262034e-12,1.3923256620783686e-13,3.612526949504114e-14,0.0,0.0,4.2031244702600046e-05
1499,2.8022578218672938e-05,1.0,101325.0,0.35,293.15,2338.1,0.001,998.2,31,1.0,1.0,1483.0,0,True,6.940061092376709,9544,3.0450143707255448e-05,4683.6710569404795,7.970742707546975e-16,0.0,6.2521927931744545e-06,460578.1884254189,True,True,True,True,sin_impulse,NH3,-292693.9214217513,29588.243729405123,1.0,2.8022578218672938e-05,0.0,293.15,0.0,0.0,0.0,0.0,0.0,0.0,0.0,0.0,9.592661841230495e-07,0.0,0.0,0.0,0.0,0.0,0.0,0.0,0.0,0.0,0.0,0.0,0.0,0.0,0.0,0.0,0.0,0.0,0.0,0.0,0.0,0.0,0.0,4.271935588011364e-05,2.813640272148098e-05,-1.8161387676739199e-12,293.1500000109344,3.1673357291078996e-07,8.542883162345187e-09,3.321551011959971e-07,1.1375502460310275e-08,2.056423497500693e-21,2.0218728132522985e-32,1.3611426782209447e-21,2.550714844194258e-23,9.592661841061138e-07,3.5334125448042102e-12,7.55345768517095e-21,3.2278690340321926e-36,1.0122311755729078e-49,2.334579094866076e-24,5.423787591574497e-12,1.6692340582515856e-09,1.8908423971248347e-12,8.5107826703538e-11,6.176030476789048e-13,1.70831857977619e-13,1.4730942925072273e-09,9.577234548528312e-13,1.4243777797449635e-28,8.021691966447169e-13,3.231275961102058e-09,8.040732393853034e-13,1.1685877217076344e-12,1.3984022808927164e-13,3.6328960506228406e-14,-1.972166935128716e-31,0.0,4.20355491243821e-05
