ID,R_E,ratio,P_amb,alfa_M,T_inf,P_v,mu_L,gases,fractions,surfactant,c_L,error_code,success,elapsed_time,steps,collapse_time,T_max,n_NH3,expansion_work,dissipated_acoustic_energy,energy_efficiency,enable_heat_transfer,enable_evaporation,enable_reactions,enable_dissipated_energy,excitation_type,target_specie,R_0,R_dot_0,T_0,c_NH3_0,c_H2_0,c_H_0,c_NH2_0,c_NH_0,c_N_0,c_NNH_0,c_N2H4_0,c_N2H3_0,c_N2H2_0,c_H2NN_0,c_N2_0,R_last,R_dot_last,T_last,c_NH3_last,c_H2_last,c_H_last,c_NH2_last,c_NH_last,c_N_last,c_NNH_last,c_N2H4_last,c_N2H3_last,c_N2H2_last,c_H2NN_last,c_N2_last
2962,4.122067365092903e-05,5.967548172537559,101325.0,0.35,303.15,2338.1,0.001,11  1,0.25  0.75,1.0,1483.0,200,True,3.0107510089874268,14319,2.2465416249235488e-05,4905.8580769094415,1.6368519762937167e-13,6.176062417481388e-06,3.1009545518434373e-06,3327.88829481718,True,False,True,True,no_excitation,NH3,0.00024598635571636865,0.0,303.15,0.0,1.4676189369665695e-07,0.0,0.0,0.0,0.0,0.0,0.0,0.0,0.0,0.0,4.892063123221898e-08,4.10333827709676e-05,-5.432598446985596e-13,303.15000000197244,5.655992610941444e-07,3.07694790777889e-05,-1.969430722668094e-19,2.1083131111441184e-23,5.166405600444531e-23,5.756222580663802e-12,-8.836894716092659e-30,1.6547404007254585e-11,7.733349678119134e-11,-1.3237405019361544e-17,4.7890066038747045e-20,1.0256445965277099e-05
2962,4.1220764547326695e-05,5.967548172537559,101325.0,0.35,303.15,2338.1,0.001,11  1,0.25  0.75,1.0,1483.0,200,True,2.919799327850342,14411,2.2465465899282366e-05,4905.859366342709,1.6368649772580048e-13,6.176103169207667e-06,3.100974679843938e-06,3327.8837015739696,True,False,True,True,no_excitation,NH3,0.00024598689814500044,0.0,303.15,0.0,1.4676188291516444e-07,0.0,0.0,0.0,0.0,0.0,0.0,0.0,0.0,0.0,4.8920627638388154e-08,4.103347288269707e-05,-4.1668474243998735e-13,303.1500000015098,5.656000271774257e-07,3.0769475900466824e-05,1.6978231760044636e-20,1.280103177755377e-21,6.0092053605652e-23,6.585360927568245e-12,6.797840921576181e-31,1.6548681013157094e-11,7.73324394328688e-11,1.9807463622595694e-17,1.9267490914024822e-18,1.025644449168065e-05
2962,4.122067365092903e-05,5.967550174854435,101325.0,0.35,303.15,2338.1,0.001,11  1,0.25  0.75,1.0,1483.0,200,True,2.9176154136657715,14490,2.246542368898496e-05,4905.859482299388,1.6368551466661662e-13,6.176068782364084e-06,3.10095820102653e-06,3327.885441415051,True,False,True,True,no_excitation,NH3,0.0002459864382532191,0.0,303.15,0.0,1.4676174596582477e-07,0.0,0.0,0.0,0.0,0.0,0.0,0.0,0.0,0.0,4.892058198860826e-08,4.1033382334847164e-05,-4.5348951691849676e-13,303.150000001644,5.656003746217407e-07,3.0769478024257076e-05,7.833706235594112e-21,2.2471214341904236e-23,5.788311976924425e-23,6.370060760369549e-12,3.5405958608021076e-31,1.654927383901367e-11,7.733190126355803e-11,1.9874758806506304e-17,5.094413079308174e-20,1.025644530733359e-05
2962,4.199278335736179e-05,5.978114125840601,101325.0,0.35,303.15,2338.1,0.001,11  1,0.25  0.75,1.0,1483.0,200,True,3.0286645889282227,14581,2.2927515923592845e-05,4923.356779511486,1.7651848197658852e-13,6.564299388305482e-06,3.2954346303666025e-06,3279.780743354625,True,False,True,True,no_excitation,NH3,0.00025103765137200865,0.0,303.15,0.0,1.4589566738828645e-07,0.0,0.0,0.0,0.0,0.0,0.0,0.0,0.0,0.0,4.863188912942883e-08,4.1798067823508645e-05,-5.187915477871359e-13,303.1500000019148,5.770759239783636e-07,3.0741774130282924e-05,3.361412559885401e-19,2.246766083702875e-21,5.232785168216009e-23,5.998070734888007e-12,1.4333755689766712e-29,1.7387082660913067e-11,8.009943714665683e-11,7.916496370455732e-17,3.730172416448222e-18,1.0247209198924431e-05
2962,4.199278335736179e-05,5.978114125840601,101325.0,0.35,303.15,2338.1,0.001,11  1,0.25  0.75,1.0,1483.0,200,True,2.928077220916748,14581,2.2927515923592845e-05,4923.356779511486,1.7651848197658852e-13,6.564299388305482e-06,3.2954346303666025e-06,3279.780743354625,True,False,True,True,no_excitation,NH3,0.00025103765137200865,0.0,303.15,0.0,1.4589566738828645e-07,0.0,0.0,0.0,0.0,0.0,0.0,0.0,0.0,0.0,4.863188912942883e-08,4.1798067823508645e-05,-5.187915477871359e-13,303.1500000019148,5.770759239783636e-07,3.0741774130282924e-05,3.361412559885401e-19,2.246766083702875e-21,5.232785168216009e-23,5.998070734888007e-12,1.4333755689766712e-29,1.7387082660913067e-11,8.009943714665683e-11,7.916496370455732e-17,3.730172416448222e-18,1.0247209198924431e-05
2962,4.199287425375946e-05,5.978114125840601,101325.0,0.35,303.15,2338.1,0.001,11  1,0.25  0.75,1.0,1483.0,241,False,19.984018325805664,0,0.0,0.0,0.0,0.0,0.0,1e+30,True,False,True,True,no_excitation,NH3,0.0,0.0,0.0,0.0,0.0,0.0,0.0,0.0,0.0,0.0,0.0,0.0,0.0,0.0,0.0,0.0,0.0,0.0,0.0,0.0,0.0,0.0,0.0,0.0,0.0,0.0,0.0,0.0,0.0,0.0
2962,4.1992965150157136e-05,5.978114125840601,101325.0,0.35,303.15,2338.1,0.001,11  1,0.25  0.75,1.0,1483.0,200,True,3.0327632427215576,14798,2.292761543922472e-05,4923.359133426843,1.765211282976287e-13,6.564384426913723e-06,3.2954766272055144e-06,3279.773831374954,True,False,True,True,no_excitation,NH3,0.00025103873815008644,0.0,303.15,0.0,1.4589564672097429e-07,0.0,0.0,0.0,0.0,0.0,0.0,0.0,0.0,0.0,4.8631882240324764e-08,4.179824791807708e-05,-5.117150504615007e-13,303.1500000018929,5.770771159997286e-07,3.074176882907237e-05,-7.386970549566148e-20,4.564078548997539e-23,5.212800948141048e-23,5.972960435256378e-12,-3.3077846878684746e-30,1.7387963675212882e-11,8.009911983544834e-11,5.996053974955335e-18,9.27221970725588e-20,1.0247207444325468e-05
2962,4.199278335736179e-05,5.978116128157477,101325.0,0.35,303.15,2338.1,0.001,11  1,0.25  0.75,1.0,1483.0,200,True,2.9279141426086426,14522,2.2927523522997136e-05,4923.358142697742,1.7651877725303954e-13,6.564306140854007e-06,3.295438515143291e-06,3279.7787954505047,True,False,True,True,no_excitation,NH3,0.00025103773545486743,0.0,303.15,0.0,1.4589552078896342e-07,0.0,0.0,0.0,0.0,0.0,0.0,0.0,0.0,0.0,4.8631840262987806e-08,4.179806633986077e-05,-6.411252110836899e-13,303.15000000236677,5.770769507500765e-07,3.074177374258258e-05,8.254239899541469e-20,9.392594028528079e-23,4.339641679197273e-23,5.073829192300915e-12,3.697278637228161e-30,1.7387846086586618e-11,8.0099027017926e-11,3.921239466816951e-17,2.3391634946848403e-19,1.0247209531790985e-05
2962,4.278463104135006e-05,5.98794569653074,101325.0,0.35,303.15,2338.1,0.001,11  1,0.25  0.75,1.0,1483.0,200,True,2.943575859069824,14332,2.339907622088862e-05,4940.394599306476,1.8962937643509247e-13,6.9768383914396955e-06,3.501861681296422e-06,3244.677888621435,True,False,True,True,no_excitation,NH3,0.0002561920473217076,0.0,303.15,0.0,1.4509028926461675e-07,0.0,0.0,0.0,0.0,0.0,0.0,0.0,0.0,0.0,4.836342975487225e-08,4.258302499548473e-05,-7.422019309776037e-13,303.1500000028018,5.862832401380772e-07,3.071597886990299e-05,2.579372354646511e-19,1.75253839205619e-23,4.3396605841620833e-23,5.2572146949265534e-12,1.1547864978698309e-29,1.80712585059588e-11,8.251975046333806e-11,3.185138297697787e-16,2.736135001165507e-20,1.0238609710853519e-05
2962,4.278463104135006e-05,5.98794569653074,101325.0,0.35,303.15,2338.1,0.001,11  1,0.25  0.75,1.0,1483.0,200,True,3.054168462753296,14332,2.339907622088862e-05,4940.394599306476,1.8962937643509247e-13,6.9768383914396955e-06,3.501861681296422e-06,3244.677888621435,True,False,True,True,no_excitation,NH3,0.0002561920473217076,0.0,303.15,0.0,1.4509028926461675e-07,0.0,0.0,0.0,0.0,0.0,0.0,0.0,0.0,0.0,4.836342975487225e-08,4.258302499548473e-05,-7.422019309776037e-13,303.1500000028018,5.862832401380772e-07,3.071597886990299e-05,2.579372354646511e-19,1.75253839205619e-23,4.3396605841620833e-23,5.2572146949265534e-12,1.1547864978698309e-29,1.80712585059588e-11,8.251975046333806e-11,3.185138297697787e-16,2.736135001165507e-20,1.0238609710853519e-05
2962,4.278472193774773e-05,5.98794569653074,101325.0,0.35,303.15,2338.1,0.001,11  1,0.25  0.75,1.0,1483.0,200,True,3.1238784790039062,14824,2.339912605402568e-05,4940.395792318888,1.8963071314285747e-13,6.9768827486292275e-06,3.5018835777151913e-06,3244.6755318311643,True,False,True,True,no_excitation,NH3,0.00025619259160440086,0.0,303.15,0.0,1.45090279358858e-07,0.0,0.0,0.0,0.0,0.0,0.0,0.0,0.0,0.0,4.836342645295266e-08,4.25831148570296e-05,-5.590801539908508e-13,303.15000000210347,5.862836612277427e-07,3.07159762731042e-05,2.5343776251019153e-18,-4.019682595746156e-19,4.79296899543108e-23,5.68098369682454e-12,-9.451074428488296e-28,1.8071246670047762e-11,8.251904193860342e-11,1.9085650346330778e-15,-6.3026588553308995e-16,1.0238608633087997e-05
2962,4.278463104135006e-05,5.9879476988476155,101325.0,0.35,303.15,2338.1,0.001,11  1,0.25  0.75,1.0,1483.0,200,True,3.089118719100952,14237,2.339908396989688e-05,4940.396031154479,1.896296730295397e-13,6.976845556116275e-06,3.5018657816944863e-06,3244.6763018813003,True,False,True,True,no_excitation,NH3,0.00025619213299009634,0.0,303.15,0.0,1.4509014371392791e-07,0.0,0.0,0.0,0.0,0.0,0.0,0.0,0.0,0.0,4.8363381237975965e-08,4.258302474400279e-05,-6.100948851610423e-13,303.1500000022929,5.86284167515895e-07,3.071597817629526e-05,-3.639036822138927e-18,-6.968762071766456e-22,4.408029715025631e-23,5.268055363728709e-12,-1.6285648481389057e-28,1.807190809875646e-11,8.252485404306485e-11,-5.138819926968496e-15,-9.524786129563596e-19,1.0238609475100326e-05
2962,4.3538631356021495e-05,5.999128289898347,101325.0,0.35,303.15,2338.1,0.001,11  1,0.25  0.75,1.0,1483.0,200,True,2.9219744205474854,14295,2.3856584581044308e-05,4957.637512487931,2.0240644654786896e-13,7.393535586108803e-06,3.710895816676402e-06,3221.3786899231986,True,False,True,True,no_excitation,NH3,0.0002611938350713638,0.0,303.15,0.0,1.442001436764162e-07,0.0,0.0,0.0,0.0,0.0,0.0,0.0,0.0,0.0,4.80667145588054e-08,4.333073799162881e-05,-6.39030219251442e-13,303.15000000244174,5.939466999562503e-07,3.069287406438226e-05,-3.538698795141078e-21,5.704639706078767e-24,4.1860855415227324e-23,5.1428716726240485e-12,-1.6341842854722735e-31,1.8642967477609194e-11,8.469207583783114e-11,2.1530966168351763e-17,3.090201917110247e-20,1.0230906889649994e-05
2962,4.3538631356021495e-05,5.999128289898347,101325.0,0.35,303.15,2338.1,0.001,11  1,0.25  0.75,1.0,1483.0,200,True,2.9736626148223877,14295,2.3856584581044308e-05,4957.637512487931,2.0240644654786896e-13,7.393535586108803e-06,3.710895816676402e-06,3221.3786899231986,True,False,True,True,no_excitation,NH3,0.0002611938350713638,0.0,303.15,0.0,1.442001436764162e-07,0.0,0.0,0.0,0.0,0.0,0.0,0.0,0.0,0.0,4.80667145588054e-08,4.333073799162881e-05,-6.39030219251442e-13,303.15000000244174,5.939466999562503e-07,3.069287406438226e-05,-3.538698795141078e-21,5.704639706078767e-24,4.1860855415227324e-23,5.1428716726240485e-12,-1.6341842854722735e-31,1.8642967477609194e-11,8.469207583783114e-11,2.1530966168351763e-17,3.090201917110247e-20,1.0230906889649994e-05
2962,4.353872225241916e-05,5.999128289898347,101325.0,0.35,303.15,2338.1,0.001,11  1,0.25  0.75,1.0,1483.0,200,True,3.1010663509368896,14477,2.3856634533987582e-05,4957.638673211911,2.02407793086437e-13,7.393581780655103e-06,3.7109186338487665e-06,3221.3772794332435,True,False,True,True,no_excitation,NH3,0.00026119438037051446,0.0,303.15,0.0,1.4420013416417377e-07,0.0,0.0,0.0,0.0,0.0,0.0,0.0,0.0,0.0,4.8066711388057914e-08,4.3330828191888164e-05,-1.0840546923567295e-12,303.15000000416677,5.939469420630214e-07,3.069287138893186e-05,-8.842846512772152e-22,2.7098293840832807e-23,4.9976939169166775e-23,6.304260511657921e-12,-3.962178076127701e-32,1.864368412272872e-11,8.469146420239418e-11,-3.8704251020779116e-18,9.328793713697837e-20,1.0230905417222793e-05
2962,4.3538631356021495e-05,5.999130292215223,101325.0,0.35,303.15,2338.1,0.001,11  1,0.25  0.75,1.0,1483.0,200,True,3.125209093093872,14485,2.3856592484164635e-05,4957.6387948454685,2.0240671657351117e-13,7.393543163938793e-06,3.7109001788886993e-06,3221.3778561475033,True,False,True,True,no_excitation,NH3,0.0002611939222495001,0.0,303.15,0.0,1.4419999928834458e-07,0.0,0.0,0.0,0.0,0.0,0.0,0.0,0.0,0.0,4.806666642944819e-08,4.333073744853821e-05,-5.511707690591876e-13,303.1500000021069,5.939475146593836e-07,3.069287324919664e-05,-4.372154183641565e-21,3.0419870176382897e-23,4.7186249616610294e-23,5.7227931501329845e-12,-1.9533448788303361e-31,1.8643647026401952e-11,8.469159240234772e-11,2.078437403440588e-17,5.554865445365016e-20,1.0230906327976604e-05
2962,4.4321108596495984e-05,6.009317419434169,101325.0,0.35,303.15,2338.1,0.001,11  1,0.25  0.75,1.0,1483.0,200,True,3.0759525299072266,14650,2.4327310159814057e-05,4974.36982432476,2.1543252455180262e-13,7.839113640056953e-06,3.934068481530889e-06,3208.871956068477,True,False,True,True,no_excitation,NH3,0.0002663396099375568,0.0,303.15,0.0,1.433878570410511e-07,0.0,0.0,0.0,0.0,0.0,0.0,0.0,0.0,0.0,4.7795952347017035e-08,4.410748790198393e-05,-5.262064469370647e-13,303.1500000020488,5.993571498026407e-07,3.067140806086324e-05,-2.4642278449592573e-21,-1.4870184023402182e-22,4.7954923649138305e-23,5.91195356992481e-12,-9.571589534876362e-32,1.9039445257517086e-11,8.650238820732317e-11,2.2053641400713376e-17,-2.176740877544217e-19,1.022375013328717e-05
2962,4.4321108596495984e-05,6.009317419434169,101325.0,0.35,303.15,2338.1,0.001,11  1,0.25  0.75,1.0,1483.0,200,True,3.1466445922851562,14650,2.4327310159814057e-05,4974.36982432476,2.1543252455180262e-13,7.839113640056953e-06,3.934068481530889e-06,3208.871956068477,True,False,True,True,no_excitation,NH3,0.0002663396099375568,0.0,303.15,0.0,1.433878570410511e-07,0.0,0.0,0.0,0.0,0.0,0.0,0.0,0.0,0.0,4.7795952347017035e-08,4.410748790198393e-05,-5.262064469370647e-13,303.1500000020488,5.993571498026407e-07,3.067140806086324e-05,-2.4642278449592573e-21,-1.4870184023402182e-22,4.7954923649138305e-23,5.91195356992481e-12,-9.571589534876362e-32,1.9039445257517086e-11,8.650238820732317e-11,2.2053641400713376e-17,-2.176740877544217e-19,1.022375013328717e-05
2962,4.432119949289365e-05,6.009317419434169,101325.0,0.35,303.15,2338.1,0.001,11  1,0.25  0.75,1.0,1483.0,200,True,2.9692881107330322,14578,2.4327360194536093e-05,4974.3710459984395,2.154339060132588e-13,7.839161756071613e-06,3.9340922082550804e-06,3208.8709604724045,True,False,True,True,no_excitation,NH3,0.0002663401561628627,0.0,303.15,0.0,1.433878479083287e-07,0.0,0.0,0.0,0.0,0.0,0.0,0.0,0.0,0.0,4.779594930277624e-08,4.410757969328179e-05,-6.765158802339355e-13,303.1500000026334,5.993572512389593e-07,3.067140626597798e-05,9.828117744082384e-19,3.699578899262355e-23,4.0630363268655355e-23,5.108541066813898e-12,4.3935219815180633e-29,1.9039048164283207e-11,8.650264420050642e-11,3.250960694308998e-16,9.039899794952604e-20,1.0223749936500727e-05
2962,4.4321108596495984e-05,6.009319421751045,101325.0,0.35,303.15,2338.1,0.001,11  1,0.25  0.75,1.0,1483.0,200,True,3.046595811843872,14709,2.432731821112826e-05,4974.371328958206,2.1543279328778968e-13,7.839121660391055e-06,3.9340730758037665e-06,3208.871391449854,True,False,True,True,no_excitation,NH3,0.0002663396986824605,0.0,303.15,0.0,1.4338771370976345e-07,0.0,0.0,0.0,0.0,0.0,0.0,0.0,0.0,0.0,4.779590456992116e-08,4.410748861846723e-05,-1.1615682097082384e-12,303.15000000453796,5.993578682479685e-07,3.067140728081664e-05,-2.1821478196077608e-21,2.98554786280513e-23,5.057957271008089e-23,6.512772822726318e-12,-9.755756452393568e-32,1.9038680840219454e-11,8.650341352718865e-11,2.1879943321893015e-17,7.390063434609834e-20,1.0223749572604187e-05
2962,4.511177493400372e-05,6.019195018833113,101325.0,0.35,303.15,2338.1,0.001,11  1,0.25  0.75,1.0,1483.0,200,True,3.0266921520233154,14438,2.4802723702583196e-05,4990.7908750093575,2.284708248489414e-13,8.306930506183896e-06,4.168288088843203e-06,3206.174907313686,True,False,True,True,no_excitation,NH3,0.00027153657097347565,0.0,303.15,0.0,1.4260544363199901e-07,0.0,0.0,0.0,0.0,0.0,0.0,0.0,0.0,0.0,4.7535147877333e-08,4.489301214834239e-05,-9.970880144481731e-13,303.1500000039619,6.028453324560516e-07,3.065180020789814e-05,2.6592652797403387e-21,2.5316436370823168e-23,4.568564325884602e-23,5.940170128667597e-12,1.188041824221216e-31,1.9277322832640117e-11,8.798941233153566e-11,1.5833948792672704e-17,8.751341789668538e-20,1.021721334538994e-05
2962,4.511177493400372e-05,6.019195018833113,101325.0,0.35,303.15,2338.1,0.001,11  1,0.25  0.75,1.0,1483.0,200,True,3.0748322010040283,14438,2.4802723702583196e-05,4990.7908750093575,2.284708248489414e-13,8.306930506183896e-06,4.168288088843203e-06,3206.174907313686,True,False,True,True,no_excitation,NH3,0.00027153657097347565,0.0,303.15,0.0,1.4260544363199901e-07,0.0,0.0,0.0,0.0,0.0,0.0,0.0,0.0,0.0,4.7535147877333e-08,4.489301214834239e-05,-9.970880144481731e-13,303.1500000039619,6.028453324560516e-07,3.065180020789814e-05,2.6592652797403387e-21,2.5316436370823168e-23,4.568564325884602e-23,5.940170128667597e-12,1.188041824221216e-31,1.9277322832640117e-11,8.798941233153566e-11,1.5833948792672704e-17,8.751341789668538e-20,1.021721334538994e-05
2962,4.511186583040139e-05,6.019195018833113,101325.0,0.35,303.15,2338.1,0.001,11  1,0.25  0.75,1.0,1483.0,200,True,3.104527473449707,14453,2.4802773752320087e-05,4990.792175613922,2.28472167690508e-13,8.306980602224558e-06,4.168312821612959e-06,3206.175294224711,True,False,True,True,no_excitation,NH3,0.00027153711809661975,0.0,303.15,0.0,1.4260543485993348e-07,0.0,0.0,0.0,0.0,0.0,0.0,0.0,0.0,0.0,4.753514495331116e-08,4.4893101548731635e-05,-1.1462370203826706e-12,303.1500000045468,6.02845274147492e-07,3.065179818863937e-05,-1.5169686417535198e-19,7.364996202988401e-23,4.8750108834320006e-23,6.375948048891322e-12,-6.777912157831084e-30,1.927644512287714e-11,8.799073003682613e-11,-3.714858653118821e-16,-2.7789448608994215e-19,1.0217212454306725e-05
2962,4.511177493400372e-05,6.019197021149989,101325.0,0.35,303.15,2338.1,0.001,11  1,0.25  0.75,1.0,1483.0,200,True,3.0264570713043213,14618,2.4802731838694332e-05,4990.792421117498,2.284710533940957e-13,8.306938990637016e-06,4.168292956188672e-06,3206.175131554513,True,False,True,True,no_excitation,NH3,0.0002715366613015439,0.0,303.15,0.0,1.4260530131674144e-07,0.0,0.0,0.0,0.0,0.0,0.0,0.0,0.0,0.0,4.753510043891382e-08,4.489301153452319e-05,-1.1126798901804101e-12,303.15000000438266,6.028459602255294e-07,3.065179963642483e-05,-5.738269135071825e-19,-1.1609315684315725e-21,4.777507452266559e-23,6.239731069682448e-12,-2.5669332070078354e-29,1.9275871236503963e-11,8.800530466219526e-11,-1.421640637585899e-14,-2.0444885915187072e-18,1.021721300714525e-05
2962,4.43253449665663e-05,6.009154647588256,101325.0,0.35,303.15,2338.1,0.001,11  1,0.25  0.75,1.0,1483.0,200,True,2.9187564849853516,14519,2.4328988425284127e-05,4974.313169043955,2.1547509112895007e-13,7.840704216416566e-06,3.934800838766826e-06,3208.8710597289974,True,False,True,True,no_excitation,NH3,0.00026635785271179456,0.0,303.15,0.0,1.433990836917521e-07,0.0,0.0,0.0,0.0,0.0,0.0,0.0,0.0,0.0,4.7799694563917366e-08,4.4111724119016564e-05,-5.140372233148854e-13,303.1500000020035,5.993028815470111e-07,3.0671355474843054e-05,3.482280485793949e-18,-4.191604660585066e-22,4.889463884026166e-23,6.018104075741764e-12,1.5345452286171148e-28,1.9035064989022377e-11,8.649278416932723e-11,7.438014297423299e-16,-6.945997891265102e-19,1.0223732557320125e-05
2962,4.4718650846682675e-05,6.014174833210684,101325.0,0.35,303.15,2338.1,0.001,11  1,0.25  0.75,1.0,1483.0,200,True,2.9686098098754883,14521,2.4565727057036053e-05,4982.578373323243,2.2198575380076733e-13,8.071440951876673e-06,4.05034923371408e-06,3206.3538936110117,True,False,True,True,no_excitation,NH3,0.0002689457844972546,0.0,303.15,0.0,1.4300121947251397e-07,0.0,0.0,0.0,0.0,0.0,0.0,0.0,0.0,0.0,4.766707315750466e-08,4.450238569196654e-05,-7.096479446448021e-13,303.1500000027896,6.012936460906477e-07,3.066133902915034e-05,5.269194707532956e-26,2.2096977297921285e-23,3.951636505013858e-23,5.012987340376655e-12,2.3734575829818186e-32,1.91709934033007e-11,8.690654881240937e-11,3.76379213796054e-13,-8.981625396387384e-18,1.0220393742037317e-05
2962,4.471846905388734e-05,6.014174833210684,101325.0,0.35,303.15,2338.1,0.001,11  1,0.25  0.75,1.0,1483.0,200,True,2.9517290592193604,14445,2.4565626956907132e-05,4982.576088925519,2.2198302714912735e-13,8.071342747039193e-06,4.050300753209702e-06,3206.35447730033,True,False,True,True,no_excitation,NH3,0.0002689446911636,0.0,303.15,0.0,1.4300123737131924e-07,0.0,0.0,0.0,0.0,0.0,0.0,0.0,0.0,0.0,4.766707912377308e-08,4.4502204416843446e-05,-9.399119232705516e-13,303.1500000037017,6.012936082610481e-07,3.066134263889335e-05,8.508303414022105e-22,2.5358507271085565e-23,4.497795770202745e-23,5.7902880975891135e-12,3.802508700893931e-32,1.917437774210433e-11,8.727929729297614e-11,2.2915887826397926e-17,7.253858172415781e-20,1.022039462003058e-05
2962,4.471855995028501e-05,6.01417683552756,101325.0,0.35,303.15,2338.1,0.001,11  1,0.25  0.75,1.0,1483.0,200,True,2.9964077472686768,14493,2.4565685108175272e-05,4982.578569100094,2.219846316975742e-13,8.07140010040402e-06,4.050329733834481e-06,3206.3541375970035,True,False,True,True,no_excitation,NH3,0.0002689453273711546,0.0,303.15,0.0,1.4300108559253763e-07,0.0,0.0,0.0,0.0,0.0,0.0,0.0,0.0,0.0,4.766702853084587e-08,4.450229448385757e-05,-6.668753170891791e-13,303.15000000261534,6.012943037149888e-07,3.066134038556605e-05,5.8689438194048605e-21,2.3735925323938794e-23,4.122358570997749e-23,5.214140657350691e-12,2.6225152703914335e-31,1.9174287564406444e-11,8.727968349447151e-11,2.4205398330443125e-17,6.49554852600357e-20,1.0220394156831216e-05
2962,4.471855995028501e-05,6.014172830893808,101325.0,0.35,303.15,2338.1,0.001,11  1,0.25  0.75,1.0,1483.0,200,True,2.926419973373413,14414,2.4565668940511344e-05,4982.575919261976,2.2198414743815217e-13,8.071383598318226e-06,4.0503202425353125e-06,3206.354256671941,True,False,True,True,no_excitation,NH3,0.00026894514828970005,0.0,303.15,0.0,1.4300137125144935e-07,0.0,0.0,0.0,0.0,0.0,0.0,0.0,0.0,0.0,4.766712375048312e-08,4.4502295489330685e-05,-1.156318764771267e-12,303.1500000045062,6.012929512352416e-07,3.066134094114325e-05,-6.100566888170308e-22,2.709351231876476e-23,4.9171337150456e-23,6.381105506465459e-12,-2.7266228305425996e-32,1.917423499961143e-11,8.727934893410864e-11,2.194027396914179e-17,6.386828115787524e-20,1.022039375872771e-05
2962,4.516387002170334e-05,6.016176018354637,101325.0,0.35,303.15,2338.1,0.001,11  1,0.25  0.75,1.0,1483.0,200,True,2.929124355316162,14531,2.4819097072653156e-05,4989.399518575141,2.2889911557303596e-13,8.322844593717714e-06,4.175101274427189e-06,3206.005927058745,True,False,True,True,no_excitation,NH3,0.00027171379172065755,0.0,303.15,0.0,1.4281520627019383e-07,0.0,0.0,0.0,0.0,0.0,0.0,0.0,0.0,0.0,4.760506875673127e-08,4.494519795069441e-05,-6.881536911598192e-13,303.15000000273244,6.018740414179353e-07,3.065142137373641e-05,4.604323907105367e-22,1.8653539894405447e-23,3.9522738750391625e-23,5.044927130764353e-12,2.0803460378896582e-32,1.919570156305738e-11,8.7803561014996e-11,2.2455577743365765e-17,5.647903514707818e-20,1.0217087635085514e-05
2962,4.516387002170334e-05,6.016176018354637,101325.0,0.35,303.15,2338.1,0.001,11  1,0.25  0.75,1.0,1483.0,200,True,3.0285439491271973,14531,2.4819097072653156e-05,4989.399518575141,2.2889911557303596e-13,8.322844593717714e-06,4.175101274427189e-06,3206.005927058745,True,False,True,True,no_excitation,NH3,0.00027171379172065755,0.0,303.15,0.0,1.4281520627019383e-07,0.0,0.0,0.0,0.0,0.0,0.0,0.0,0.0,0.0,4.760506875673127e-08,4.494519795069441e-05,-6.881536911598192e-13,303.15000000273244,6.018740414179353e-07,3.065142137373641e-05,4.604323907105367e-22,1.8653539894405447e-23,3.9522738750391625e-23,5.044927130764353e-12,2.0803460378896582e-32,1.919570156305738e-11,8.7803561014996e-11,2.2455577743365765e-17,5.647903514707818e-20,1.0217087635085514e-05
2962,4.516396091810101e-05,6.016176018354637,101325.0,0.35,303.15,2338.1,0.001,11  1,0.25  0.75,1.0,1483.0,200,True,3.093656301498413,14721,2.4819147150891428e-05,4989.400540291728,2.2890047594849776e-13,8.322894727920233e-06,4.175126028625806e-06,3206.0060839416797,True,False,True,True,no_excitation,NH3,0.00027171433856938536,0.0,303.15,0.0,1.4281519750517122e-07,0.0,0.0,0.0,0.0,0.0,0.0,0.0,0.0,0.0,4.760506583505707e-08,4.4945288304958226e-05,-7.267389585618546e-13,303.1500000028871,6.018739885424429e-07,3.06514194968931e-05,8.846305159248712e-20,3.3468653029274053e-23,3.9373127618332624e-23,5.045962142865495e-12,4.0215250754089884e-30,1.919743950504897e-11,8.780188991553737e-11,2.239143332452477e-17,7.672604784767617e-20,1.0217087009209925e-05
2962,4.516387002170334e-05,6.0161780206715125,101325.0,0.35,303.15,2338.1,0.001,11  1,0.25  0.75,1.0,1483.0,200,True,3.1186890602111816,14546,2.481910524479999e-05,4989.400834260854,2.288993504403471e-13,8.322853098971845e-06,4.175106173517877e-06,3206.006075978715,True,False,True,True,no_excitation,NH3,0.0002717138821530367,0.0,303.15,0.0,1.4281506367407966e-07,0.0,0.0,0.0,0.0,0.0,0.0,0.0,0.0,0.0,4.760502122469322e-08,4.494519794066305e-05,-5.24551747724808e-13,303.1500000020801,6.018746593879238e-07,3.065142056153739e-05,-2.0229048347052915e-20,2.111097663897709e-24,4.783013016030769e-23,5.975950410496004e-12,-9.893163026970811e-31,1.9196553673377806e-11,8.780292550355838e-11,2.0590687240669553e-17,2.303316245441786e-20,1.0217086898876296e-05
2962,4.4834246204887754e-05,6.0092834361321685,101325.0,0.35,303.15,2338.1,0.001,11  1,0.25  0.75,1.0,1483.0,200,True,3.095012903213501,14215,2.460954056224206e-05,4980.7150732224,2.2311828584163957e-13,8.113751035436085e-06,4.069590495325e-06,3206.2770788874236,True,False,True,True,no_excitation,NH3,0.0002694216930905035,0.0,303.15,0.0,1.4333932182332204e-07,0.0,0.0,0.0,0.0,0.0,0.0,0.0,0.0,0.0,4.7779773941107343e-08,4.4617989242497356e-05,-1.2530771894560781e-12,303.1500000050165,5.996758675137097e-07,3.066005823527417e-05,-2.889364788470423e-21,2.8012584222794553e-23,5.163450629370753e-23,6.716368102288728e-12,-1.2913894349351562e-31,1.904110999772873e-11,8.700002490411978e-11,2.162968103782231e-17,5.2456222720385583e-20,1.0219966206510353e-05
2962,4.499905811329555e-05,6.012729727243403,101325.0,0.35,303.15,2338.1,0.001,11  1,0.25  0.75,1.0,1483.0,200,True,2.9712488651275635,14394,2.4714267318669822e-05,4985.061933609498,2.2601459716587048e-13,8.217801685591572e-06,4.1220910662347055e-06,3205.8610310631534,True,False,True,True,no_excitation,NH3,0.00027056717441576556,0.0,303.15,0.0,1.430768957132508e-07,0.0,0.0,0.0,0.0,0.0,0.0,0.0,0.0,0.0,4.769229857108361e-08,4.478157497989567e-05,-5.877786025407846e-13,303.15000000232664,6.008274808987102e-07,3.0655688105367665e-05,4.918856036981671e-22,2.3874655009441088e-23,4.546489796462195e-23,5.696061851461585e-12,2.1922490914983803e-32,1.9123346034684165e-11,8.740966762256911e-11,2.2401868106797876e-17,7.330905959539716e-20,1.0218509774460772e-05
2962,4.4999149009693216e-05,6.012729727243403,101325.0,0.35,303.15,2338.1,0.001,11  1,0.25  0.75,1.0,1483.0,200,True,3.15544056892395,14564,2.471431730768148e-05,4985.063105162546,2.260159628796571e-13,8.217851367871865e-06,4.122115573865086e-06,3205.860933636134,True,False,True,True,no_excitation,NH3,0.00027056772095123793,0.0,303.15,0.0,1.4307688686871505e-07,0.0,0.0,0.0,0.0,0.0,0.0,0.0,0.0,0.0,4.769229562290502e-08,4.47816655025432e-05,-9.515301061176414e-13,303.1500000037427,6.008274678610171e-07,3.065568614797117e-05,1.2225707430491131e-21,2.5272740561618556e-23,4.487199578957472e-23,5.785784158380762e-12,5.462894741427275e-32,1.912323043205822e-11,8.740986343120042e-11,2.2391529255257886e-17,6.174706672838384e-20,1.0218509077075072e-05
2962,4.499905811329555e-05,6.0127317295602785,101325.0,0.35,303.15,2338.1,0.001,11  1,0.25  0.75,1.0,1483.0,200,True,3.190885543823242,14623,2.4714275467894003e-05,4985.063236741099,2.2601484833843375e-13,8.217810088550981e-06,4.122095888913051e-06,3205.86090432837,True,False,True,True,no_excitation,NH3,0.00027056726451813904,0.0,303.15,0.0,1.430767527739678e-07,0.0,0.0,0.0,0.0,0.0,0.0,0.0,0.0,0.0,4.769225092465594e-08,4.4781575374500124e-05,-8.328986599996026e-13,303.15000000328956,6.008281327219872e-07,3.065568771195172e-05,6.894564127763369e-22,2.3814482001575872e-23,4.224042641711227e-23,5.418303544025285e-12,3.0812749073320754e-32,1.912420592790216e-11,8.740899905115401e-11,2.2363590825532857e-17,5.938277261757103e-20,1.0218509782249088e-05
2962,4.513755466179853e-05,6.016698365343632,101325.0,0.35,303.15,2338.1,0.001,11  1,0.25  0.75,1.0,1483.0,241,False,20.169307708740234,0,0.0,0.0,0.0,0.0,0.0,1e+30,True,False,True,True,no_excitation,NH3,0.0,0.0,0.0,0.0,0.0,0.0,0.0,0.0,0.0,0.0,0.0,0.0,0.0,0.0,0.0,0.0,0.0,0.0,0.0,0.0,0.0,0.0,0.0,0.0,0.0,0.0,0.0,0.0,0.0,0.0
2962,4.51376455581962e-05,6.016698365343632,101325.0,0.35,303.15,2338.1,0.001,11  1,0.25  0.75,1.0,1483.0,200,True,3.0223824977874756,14569,2.4806783816683392e-05,4989.429693926543,2.285668838889209e-13,8.310603925176549e-06,4.169241040919571e-06,3206.0159527934575,True,False,True,True,no_excitation,NH3,0.0002715795982454593,0.0,303.15,0.0,1.4278054307822738e-07,0.0,0.0,0.0,0.0,0.0,0.0,0.0,0.0,0.0,4.759351435940912e-08,4.491903894568321e-05,-2.6198151879751717e-13,303.1500000009982,6.020510673049795e-07,3.065184379027134e-05,1.29052525572228e-16,2.455295137309162e-23,3.5575747900164234e-23,4.3945052145243336e-12,5.766086871203654e-27,1.9211444305272343e-11,8.782274567641644e-11,2.2466158972424783e-17,6.286827760031098e-20,1.0217228750990129e-05
2962,4.5137463765400863e-05,6.016698365343632,101325.0,0.35,303.15,2338.1,0.001,11  1,0.25  0.75,1.0,1483.0,200,True,3.04933762550354,14437,2.4806683655336077e-05,4989.427538747792,2.2856415693064576e-13,8.310503746792039e-06,4.1691916076077194e-06,3206.0157681697824,True,False,True,True,no_excitation,NH3,0.0002715785044530448,0.0,303.15,0.0,1.4278056062418324e-07,0.0,0.0,0.0,0.0,0.0,0.0,0.0,0.0,0.0,4.7593520208061085e-08,4.491885813969647e-05,-7.142123949023216e-13,303.15000000278695,6.020511544406091e-07,3.0651847348074365e-05,-3.956035689371236e-19,-7.752557196638199e-23,3.888325034701003e-23,4.975107773343587e-12,-1.7672484191810384e-29,1.921248454485219e-11,8.782183644642183e-11,-2.4767521336700693e-16,1.9691144327728405e-19,1.0217229646889725e-05
2962,4.513755466179853e-05,6.0167003676605075,101325.0,0.35,303.15,2338.1,0.001,11  1,0.25  0.75,1.0,1483.0,200,True,3.084437847137451,14377,2.480674191862793e-05,4989.430103665403,2.285657615397897e-13,8.310562327785512e-06,4.169221210206831e-06,3206.0159149309793,True,False,True,True,no_excitation,NH3,0.0002715791417289395,0.0,303.15,0.0,1.427804093020514e-07,0.0,0.0,0.0,0.0,0.0,0.0,0.0,0.0,0.0,4.759346976735046e-08,4.491894890082307e-05,-5.356776086649195e-13,303.15000000212586,6.020517316260854e-07,3.0651844603107954e-05,-2.559045633702354e-21,1.0140323149664739e-22,4.791377651668461e-23,5.992457997264665e-12,-1.2938534943935936e-31,1.921125678498244e-11,8.782302568495663e-11,2.1450774830491413e-17,2.001697634768721e-19,1.0217228222860864e-05
2962,4.513755466179853e-05,6.016696363026756,101325.0,0.35,303.15,2338.1,0.001,11  1,0.25  0.75,1.0,1483.0,200,True,3.0324437618255615,14414,2.480672558194622e-05,4989.427263063413,2.285652920020794e-13,8.310545343987497e-06,4.1692114484143345e-06,3206.015630124228,True,False,True,True,no_excitation,NH3,0.00027157896096956463,0.0,303.15,0.0,1.4278069440051354e-07,0.0,0.0,0.0,0.0,0.0,0.0,0.0,0.0,0.0,4.759356480017118e-08,4.49189494630621e-05,-1.0695678871198078e-12,303.1500000042418,6.020504722370712e-07,3.065184548097541e-05,3.200625737960656e-21,2.649698613556482e-23,4.713988711824015e-23,6.137766668492609e-12,1.4302113860834558e-31,1.921200877061471e-11,8.78219452035705e-11,3.213781762361669e-17,1.0492618467333866e-19,1.021722844311165e-05
2962,4.5013946727250574e-05,6.012497919660001,101325.0,0.35,303.15,2338.1,0.001,11  1,0.25  0.75,1.0,1483.0,200,True,2.955782175064087,14548,2.4721520428969457e-05,4985.088847738661,2.262103096525621e-13,8.224968460975822e-06,4.125548238097553e-06,3205.8450627605353,True,False,True,True,no_excitation,NH3,0.0002706462610532802,0.0,303.15,0.0,1.4309199663010805e-07,0.0,0.0,0.0,0.0,0.0,0.0,0.0,0.0,0.0,4.7697332210036014e-08,4.47964190653138e-05,-5.846172851505607e-13,303.15000000231544,6.007501509938277e-07,3.0655429174613136e-05,-1.660387731582041e-20,-4.321261232688617e-22,4.5567706660547277e-23,5.706750788277929e-12,-7.068487161238059e-31,1.91158296222688e-11,8.740478720939627e-11,2.0098363727823667e-17,-6.345050005354898e-19,1.0218423463812314e-05
2962,4.5013946727250574e-05,6.012497919660001,101325.0,0.35,303.15,2338.1,0.001,11  1,0.25  0.75,1.0,1483.0,200,True,2.9271316528320312,14548,2.4721520428969457e-05,4985.088847738661,2.262103096525621e-13,8.224968460975822e-06,4.125548238097553e-06,3205.8450627605353,True,False,True,True,no_excitation,NH3,0.0002706462610532802,0.0,303.15,0.0,1.4309199663010805e-07,0.0,0.0,0.0,0.0,0.0,0.0,0.0,0.0,0.0,4.7697332210036014e-08,4.47964190653138e-05,-5.846172851505607e-13,303.15000000231544,6.007501509938277e-07,3.0655429174613136e-05,-1.660387731582041e-20,-4.321261232688617e-22,4.5567706660547277e-23,5.706750788277929e-12,-7.068487161238059e-31,1.91158296222688e-11,8.740478720939627e-11,2.0098363727823667e-17,-6.345050005354898e-19,1.0218423463812314e-05
2962,4.501403762364824e-05,6.012497919660001,101325.0,0.35,303.15,2338.1,0.001,11  1,0.25  0.75,1.0,1483.0,200,True,3.008052349090576,14731,2.4721570473154548e-05,4985.089735823272,2.262116680480651e-13,8.225018170171732e-06,4.125572770632141e-06,3205.8450826789435,True,False,True,True,no_excitation,NH3,0.0002706468075676821,0.0,303.15,0.0,1.4309198779039974e-07,0.0,0.0,0.0,0.0,0.0,0.0,0.0,0.0,0.0,4.769732926346658e-08,4.479650903177688e-05,-8.205150462039563e-13,303.1500000032439,6.007501389655827e-07,3.065542738702979e-05,3.3303042088867767e-22,2.3939018145947017e-23,4.1958958960715657e-23,5.378862169848698e-12,1.4882129810198925e-32,1.9115539763047262e-11,8.740509201980302e-11,2.2619115899156633e-17,8.056538726192702e-20,1.0218423031837873e-05
2962,4.5013946727250574e-05,6.012499921976877,101325.0,0.35,303.15,2338.1,0.001,11  1,0.25  0.75,1.0,1483.0,200,True,3.0419747829437256,14678,2.472152856737671e-05,4985.090233030641,2.2621054581824089e-13,8.224976871613074e-06,4.12555307226546e-06,3205.845153805285,True,False,True,True,no_excitation,NH3,0.0002706463511854654,0.0,303.15,0.0,1.4309185367022715e-07,0.0,0.0,0.0,0.0,0.0,0.0,0.0,0.0,0.0,4.769728455674238e-08,4.4796418611076964e-05,-1.0559196545180585e-12,303.1500000041801,6.007507964574886e-07,3.065542854540202e-05,-2.3818335040949097e-22,2.59889688201629e-23,4.725807266324006e-23,6.121295168125554e-12,-1.0634263276407272e-32,1.911620666837701e-11,8.740459868274398e-11,2.2366855981661407e-17,6.315979010167863e-20,1.0218423046769646e-05
2962,4.496538052301179e-05,6.007607787751424,101325.0,0.35,303.15,2338.1,0.001,11  1,0.25  0.75,1.0,1483.0,200,True,3.3711955547332764,14536,2.467488183081009e-05,4981.200706658576,2.2488366498444688e-13,8.177979590230836e-06,4.100710464672777e-06,3206.0029867664744,True,False,True,True,no_excitation,NH3,0.0002701343702092518,0.0,303.15,0.0,1.4344644719352824e-07,0.0,0.0,0.0,0.0,0.0,0.0,0.0,0.0,0.0,4.781548239784275e-08,4.4748668144020524e-05,-7.794456257945309e-13,303.1500000029444,5.991408888625112e-07,3.06576568260451e-05,7.398200693565437e-22,2.3010642171495756e-23,4.0389127426197363e-23,5.134044966781082e-12,3.3062808005722796e-32,1.8992682677610584e-11,8.698456272327735e-11,2.227067326552039e-17,5.779610941760864e-20,1.0219166551802038e-05
2962,4.4989663625131185e-05,6.010052853705713,101325.0,0.35,303.15,2338.1,0.001,11  1,0.25  0.75,1.0,1483.0,200,True,2.9491724967956543,14605,2.4698195727383533e-05,4983.145274646249,2.2554892188603905e-13,8.201446142783314e-06,4.11311313697598e-06,3205.8848148833063,True,False,True,True,no_excitation,NH3,0.0002703902562574798,0.0,303.15,0.0,1.4326907547040898e-07,0.0,0.0,0.0,0.0,0.0,0.0,0.0,0.0,0.0,4.7756358490136326e-08,4.477254036914305e-05,-7.377047213601475e-13,303.1500000029519,5.999525949309899e-07,3.065653758682403e-05,-9.004796417667379e-23,2.3094765610447783e-23,4.032646810354447e-23,5.138067689663235e-12,-4.027339421987911e-33,1.905440759264862e-11,8.719589866120525e-11,2.231424115448356e-17,6.096470680233126e-20,1.0218793343807521e-05
2962,4.498975452152885e-05,6.010052853705713,101325.0,0.35,303.15,2338.1,0.001,11  1,0.25  0.75,1.0,1483.0,200,True,3.044520378112793,14418,2.4698245705572506e-05,4983.146146830762,2.2555030182908852e-13,8.20149573646886e-06,4.11313759188308e-06,3205.884478072385,True,False,True,True,no_excitation,NH3,0.00027039080254963397,0.0,303.15,0.0,1.43269066610351e-07,0.0,0.0,0.0,0.0,0.0,0.0,0.0,0.0,0.0,4.7756355536783657e-08,4.477263184281699e-05,-1.1353273491246978e-12,303.15000000445957,5.999525882808271e-07,3.065653520110405e-05,-5.662615511489978e-23,2.684777069496056e-23,4.8680312314349436e-23,6.312536396014639e-12,-2.52859252906952e-33,1.9055083294325016e-11,8.719530994539425e-11,2.2311521996995748e-17,6.29957674202673e-20,1.0218791961402114e-05
2962,4.4989663625131185e-05,6.010054856022589,101325.0,0.35,303.15,2338.1,0.001,11  1,0.25  0.75,1.0,1483.0,200,True,3.312220335006714,14139,2.4698203824245604e-05,4983.146530256539,2.2554917937399894e-13,8.201454532980634e-06,4.113117934094714e-06,3205.8845881189404,True,False,True,True,no_excitation,NH3,0.0002703903463410425,0.0,303.15,0.0,1.4326893227538058e-07,0.0,0.0,0.0,0.0,0.0,0.0,0.0,0.0,0.0,4.77563107584602e-08,4.477254111316417e-05,-9.28392151303636e-13,303.1500000036738,5.999532499306487e-07,3.065653686137427e-05,-1.6938683135343323e-21,4.409188733019107e-23,4.455581948254213e-23,5.7285652546304284e-12,-7.514581833527328e-32,1.9054788234676128e-11,8.719576052895445e-11,2.2342667269975654e-17,1.0019641609501184e-19,1.021879280668422e-05
2962,4.5083913409004054e-05,6.011450686235082,101325.0,0.35,303.15,2338.1,0.001,11  1,0.25  0.75,1.0,1483.0,200,True,3.079566717147827,14366,2.475576893526625e-05,4985.241951643279,2.2713582896274165e-13,8.258872364846721e-06,4.14191765699888e-06,3205.778439819054,True,False,True,True,no_excitation,NH3,0.00027101972220072045,0.0,303.15,0.0,1.431599950097418e-07,0.0,0.0,0.0,0.0,0.0,0.0,0.0,0.0,0.0,4.771999833658059e-08,4.486616619391141e-05,-7.509090942200478e-13,303.15000000297806,6.003992689970071e-07,3.0654206305084895e-05,2.37673100779467e-19,2.4383719049824792e-23,3.8857424485794904e-23,4.976312416216932e-12,1.0645501455101095e-29,1.908563723991991e-11,8.7380405802926e-11,2.2353427205787347e-17,6.218998956103854e-20,1.021801622810824e-05
2962,4.5083913409004054e-05,6.011450686235082,101325.0,0.35,303.15,2338.1,0.001,11  1,0.25  0.75,1.0,1483.0,200,True,3.131237506866455,14366,2.475576893526625e-05,4985.241951643279,2.2713582896274165e-13,8.258872364846721e-06,4.14191765699888e-06,3205.778439819054,True,False,True,True,no_excitation,NH3,0.00027101972220072045,0.0,303.15,0.0,1.431599950097418e-07,0.0,0.0,0.0,0.0,0.0,0.0,0.0,0.0,0.0,4.771999833658059e-08,4.486616619391141e-05,-7.509090942200478e-13,303.15000000297806,6.003992689970071e-07,3.0654206305084895e-05,2.37673100779467e-19,2.4383719049824792e-23,3.8857424485794904e-23,4.976312416216932e-12,1.0645501455101095e-29,1.908563723991991e-11,8.7380405802926e-11,2.2353427205787347e-17,6.218998956103854e-20,1.021801622810824e-05
2962,4.508400430540172e-05,6.011450686235082,101325.0,0.35,303.15,2338.1,0.001,11  1,0.25  0.75,1.0,1483.0,200,True,3.098296880722046,14536,2.475581896196886e-05,4985.243108230768,2.2713718652411092e-13,8.25892220164783e-06,4.141942236337759e-06,3205.778516914605,True,False,True,True,no_excitation,NH3,0.0002710202686199326,0.0,303.15,0.0,1.43159986192843e-07,0.0,0.0,0.0,0.0,0.0,0.0,0.0,0.0,0.0,4.7719995397614333e-08,4.4866256385469455e-05,-1.1860100705350678e-12,303.15000000470593,6.003992366667329e-07,3.065420383398153e-05,-3.10283665278279e-20,2.3478039972246984e-22,5.0070824396979795e-23,6.513018413071537e-12,-1.3899915500388714e-30,1.9084172469841772e-11,8.738193889796028e-11,1.3689110060284262e-17,8.316506922306543e-19,1.0218014635781244e-05
2962,4.5083913409004054e-05,6.011452688551958,101325.0,0.35,303.15,2338.1,0.001,11  1,0.25  0.75,1.0,1483.0,200,True,3.0216548442840576,14369,2.4755777135424757e-05,4985.243429390626,2.271360786463162e-13,8.258880811740368e-06,4.1419224994711744e-06,3205.778351291281,True,False,True,True,no_excitation,NH3,0.0002710198124730011,0.0,303.15,0.0,1.4315985195700896e-07,0.0,0.0,0.0,0.0,0.0,0.0,0.0,0.0,0.0,4.771995065233633e-08,4.486616652650046e-05,-7.018548931822733e-13,303.15000000277837,6.003999156456975e-07,3.065420578114131e-05,3.988744430349061e-19,2.41826039957821e-23,3.979017384638926e-23,5.061844758218933e-12,1.7821045514437174e-29,1.9084152846473996e-11,8.738190195801833e-11,1.8034644328070057e-16,6.460372400185608e-20,1.0218016010335806e-05
2962,4.5009294763579514e-05,6.013338172137761,101325.0,0.35,303.15,2338.1,0.001,11  1,0.25  0.75,1.0,1483.0,200,True,2.9377593994140625,14423,2.472238186565691e-05,4985.596974692587,2.2624149554736518e-13,8.225953516692846e-06,4.126320269478068e-06,3205.85918548746,True,False,True,True,no_excitation,NH3,0.0002706561103028329,0.0,303.15,0.0,1.430324739168665e-07,0.0,0.0,0.0,0.0,0.0,0.0,0.0,0.0,0.0,4.767749130562217e-08,4.47916913582099e-05,-1.0821153146905972e-12,303.15000000357054,6.010232434395229e-07,3.065532532837192e-05,-1.2606439171242798e-14,4.254272505925051e-16,1.8138652182819678e-23,4.775220570457654e-12,5.425784927619878e-22,1.9157455228901118e-11,9.011983268196562e-11,-1.7297999329145981e-12,-1.2104936581454685e-12,1.0218389900802816e-05
2962,4.504660408629179e-05,6.012394429186422,101325.0,0.35,303.15,2338.1,0.001,11  1,0.25  0.75,1.0,1483.0,200,True,3.1779308319091797,14463,2.473907856127567e-05,4985.419831187799,2.2668851277654466e-13,8.242405285599318e-06,4.1341158725682625e-06,3205.81806349961,True,False,True,True,no_excitation,NH3,0.00027083795146218704,0.0,303.15,0.0,1.430962120145891e-07,0.0,0.0,0.0,0.0,0.0,0.0,0.0,0.0,0.0,4.769873733819636e-08,4.4828928982770604e-05,-1.0535594324111504e-12,303.15000000417416,6.007113177899442e-07,3.065476476820491e-05,-7.016132567586639e-21,4.104265918501304e-23,4.7308978381252204e-23,6.125010163813882e-12,-3.1355589736408144e-31,1.911086651213733e-11,8.742376132228522e-11,2.108623301664556e-17,1.0061777407899825e-19,1.021820177804624e-05
2962,4.5046694982689455e-05,6.012394429186422,101325.0,0.35,303.15,2338.1,0.001,11  1,0.25  0.75,1.0,1483.0,200,True,3.008542060852051,14420,2.4739128636090164e-05,4985.4208193370105,2.2668988107605872e-13,8.242455064146504e-06,4.134140426343306e-06,3205.817966941889,True,False,True,True,no_excitation,NH3,0.000270838497967182,0.0,303.15,0.0,1.430962031872374e-07,0.0,0.0,0.0,0.0,0.0,0.0,0.0,0.0,0.0,4.7698734395745794e-08,4.482901937452685e-05,-7.775460515178117e-13,303.1500000030816,6.007113099256557e-07,3.065476317966072e-05,3.678845155473043e-22,2.3266278042414906e-23,4.095726521768588e-23,5.240062158067473e-12,1.6439967517872884e-32,1.9110986476325422e-11,8.742369776270513e-11,2.2450179300339216e-17,6.446174599933974e-20,1.021820169099675e-05
2962,4.504660408629179e-05,6.012396431503298,101325.0,0.35,303.15,2338.1,0.001,11  1,0.25  0.75,1.0,1483.0,200,True,3.1622018814086914,14399,2.4739086731435813e-05,4985.421236572231,2.2668874666671232e-13,8.242413714232821e-06,4.134120715737601e-06,3205.8181935536095,True,False,True,True,no_excitation,NH3,0.00027083804165976263,0.0,303.15,0.0,1.4309606904803583e-07,0.0,0.0,0.0,0.0,0.0,0.0,0.0,0.0,0.0,4.769868968267862e-08,4.482892820107728e-05,-9.211704224058786e-13,303.1500000036517,6.00711969009524e-07,3.065476445368322e-05,4.852010653995577e-22,2.521123133606909e-23,4.4287281441828764e-23,5.705421741936228e-12,2.1677166522312926e-32,1.91112391457756e-11,8.742356723855535e-11,2.240145985674513e-17,1.0031778060060786e-19,1.021820188297158e-05
2962,4.508046923586738e-05,6.0113896379495255,101325.0,0.35,303.15,2338.1,0.001,11  1,0.25  0.75,1.0,1483.0,200,True,3.1551949977874756,14496,2.4753623941385058e-05,4985.158503557149,2.270766657206325e-13,8.256726662393818e-06,4.140838307511262e-06,3205.7797445855863,True,False,True,True,no_excitation,NH3,0.0002709962656383955,0.0,303.15,0.0,1.431646907299481e-07,0.0,0.0,0.0,0.0,0.0,0.0,0.0,0.0,0.0,4.772156357664937e-08,4.486274537754087e-05,-5.865400686743258e-13,303.15000000231896,6.003801972141015e-07,3.0654293145119075e-05,2.3582779719507955e-21,2.3675253871889186e-23,4.5267818107126583e-23,5.6687828264673134e-12,1.0613585710615417e-31,1.9083047985862212e-11,8.737421727363435e-11,2.235132682596969e-17,6.098686299370705e-20,1.0218044832508724e-05
2962,4.508046923586738e-05,6.0113896379495255,101325.0,0.35,303.15,2338.1,0.001,11  1,0.25  0.75,1.0,1483.0,200,True,3.2100188732147217,14496,2.4753623941385058e-05,4985.158503557149,2.270766657206325e-13,8.256726662393818e-06,4.140838307511262e-06,3205.7797445855863,True,False,True,True,no_excitation,NH3,0.0002709962656383955,0.0,303.15,0.0,1.431646907299481e-07,0.0,0.0,0.0,0.0,0.0,0.0,0.0,0.0,0.0,4.772156357664937e-08,4.486274537754087e-05,-5.865400686743258e-13,303.15000000231896,6.003801972141015e-07,3.0654293145119075e-05,2.3582779719507955e-21,2.3675253871889186e-23,4.5267818107126583e-23,5.6687828264673134e-12,1.0613585710615417e-31,1.9083047985862212e-11,8.737421727363435e-11,2.235132682596969e-17,6.098686299370705e-20,1.0218044832508724e-05
2962,4.508056013226505e-05,6.0113896379495255,101325.0,0.35,303.15,2338.1,0.001,11  1,0.25  0.75,1.0,1483.0,200,True,3.2033255100250244,14690,2.4753673950969835e-05,4985.159927904484,2.2707803429802725e-13,8.25677649004375e-06,4.140862884243638e-06,3205.77966313411,True,False,True,True,no_excitation,NH3,0.0002709968120520586,0.0,303.15,0.0,1.4316468191143332e-07,0.0,0.0,0.0,0.0,0.0,0.0,0.0,0.0,0.0,4.7721560637144444e-08,4.48628357979968e-05,-7.428903262390354e-13,303.15000000294367,6.003801854796556e-07,3.0654291467830416e-05,-3.002261756879658e-20,4.0669633843778575e-23,3.9338741103760946e-23,5.029771338397722e-12,-1.0966416135165801e-30,1.9083254709210403e-11,8.737403328656279e-11,2.1751770909682482e-17,8.674403946306164e-20,1.0218044592941879e-05
2962,4.508046923586738e-05,6.011391640266401,101325.0,0.35,303.15,2338.1,0.001,11  1,0.25  0.75,1.0,1483.0,200,True,3.145815372467041,14784,2.4753632106917337e-05,4985.160138719881,2.2707690776025147e-13,8.256735107182716e-06,4.140843151535861e-06,3205.779763804726,True,False,True,True,no_excitation,NH3,0.0002709963559037799,0.0,303.15,0.0,1.4316454767107021e-07,0.0,0.0,0.0,0.0,0.0,0.0,0.0,0.0,0.0,4.7721515890356733e-08,4.4862745195331215e-05,-9.324098589759432e-13,303.15000000368906,6.003808444709796e-07,3.065429263795764e-05,7.040731749945319e-22,2.5440757616394127e-23,4.4508195516249434e-23,5.732618406001688e-12,3.144637985626963e-32,1.9083115593039384e-11,8.737432179710447e-11,2.2369231622239364e-17,4.8107756033021037e-20,1.0218044631462406e-05
2962,4.513576111043384e-05,6.011102240817127,101325.0,0.35,303.15,2338.1,0.001,11  1,0.25  0.75,1.0,1483.0,200,True,3.0046310424804688,14497,2.4782886318242802e-05,4985.64209947636,2.278739709781213e-13,8.28585714381362e-06,4.155109804025609e-06,3205.746760291475,True,False,True,True,no_excitation,NH3,0.0002713156747519154,0.0,303.15,0.0,1.4317986780457538e-07,0.0,0.0,0.0,0.0,0.0,0.0,0.0,0.0,0.0,4.772662260152513e-08,4.491780291957595e-05,-7.445053000629117e-13,303.1500000029516,6.002754683586583e-07,3.065320168322034e-05,7.692522460972286e-22,2.2765248641431063e-23,4.0119292421751624e-23,5.121701959129378e-12,3.437539387419542e-32,1.907125068244653e-11,8.739719741301842e-11,2.2361293028798797e-17,5.974124782967732e-20,1.0217681277858457e-05
2962,4.513576111043384e-05,6.011102240817127,101325.0,0.35,303.15,2338.1,0.001,11  1,0.25  0.75,1.0,1483.0,200,True,3.0879158973693848,14497,2.4782886318242802e-05,4985.64209947636,2.278739709781213e-13,8.28585714381362e-06,4.155109804025609e-06,3205.746760291475,True,False,True,True,no_excitation,NH3,0.0002713156747519154,0.0,303.15,0.0,1.4317986780457538e-07,0.0,0.0,0.0,0.0,0.0,0.0,0.0,0.0,0.0,4.772662260152513e-08,4.491780291957595e-05,-7.445053000629117e-13,303.1500000029516,6.002754683586583e-07,3.065320168322034e-05,7.692522460972286e-22,2.2765248641431063e-23,4.0119292421751624e-23,5.121701959129378e-12,3.437539387419542e-32,1.907125068244653e-11,8.739719741301842e-11,2.2361293028798797e-17,5.974124782967732e-20,1.0217681277858457e-05
2962,4.513585200683151e-05,6.011102240817127,101325.0,0.35,303.15,2338.1,0.001,11  1,0.25  0.75,1.0,1483.0,200,True,2.9903969764709473,14350,2.4782936390526903e-05,4985.643398006991,2.278753339870452e-13,8.285907086142885e-06,4.155134445448183e-06,3205.7468038793104,True,False,True,True,no_excitation,NH3,0.0002713162211394551,0.0,303.15,0.0,1.431798590063911e-07,0.0,0.0,0.0,0.0,0.0,0.0,0.0,0.0,0.0,4.7726619668797034e-08,4.491789317517847e-05,-1.092889741676375e-12,303.1500000043292,6.002754403574573e-07,3.065319937463641e-05,-7.362678833187437e-22,2.5970213684669394e-23,4.8008318912728086e-23,6.224289637721673e-12,-3.287381624416766e-32,1.9070887832526325e-11,8.739764603688486e-11,2.2362362158158203e-17,6.324777092066164e-20,1.021767995693369e-05
2962,4.513576111043384e-05,6.011104243134003,101325.0,0.35,303.15,2338.1,0.001,11  1,0.25  0.75,1.0,1483.0,200,True,3.013457775115967,14483,2.47828945142838e-05,4985.643634938094,2.2787420764074443e-13,8.285865618846656e-06,4.15511467006892e-06,3205.7468685891768,True,False,True,True,no_excitation,NH3,0.00027131576512801157,0.0,303.15,0.0,1.4317972472369123e-07,0.0,0.0,0.0,0.0,0.0,0.0,0.0,0.0,0.0,4.7726574907897066e-08,4.49178021271208e-05,-3.6198847356571293e-13,303.15000000143004,6.002761235564002e-07,3.065320174858608e-05,8.10880257586541e-18,2.503285955732713e-23,2.959888546528858e-23,3.681626536504263e-12,3.6234621591648297e-28,1.9072549058201937e-11,8.739608015118419e-11,2.2355740201210157e-17,6.289426808306427e-20,1.0217682019811973e-05
2962,4.511454961521437e-05,6.009941296589716,101325.0,0.35,303.15,2338.1,0.001,11  1,0.25  0.75,1.0,1483.0,200,True,3.0426571369171143,14501,2.4766470677357684e-05,4984.601179826973,2.2741471061317167e-13,8.269302175319648e-06,4.1465468012918535e-06,3205.7353289514162,True,False,True,True,no_excitation,NH3,0.00027113579480952254,0.0,303.15,0.0,1.4326491357123193e-07,0.0,0.0,0.0,0.0,0.0,0.0,0.0,0.0,0.0,4.775497119041065e-08,4.489682921734802e-05,-5.068776958256236e-13,303.15000000201735,5.999056236314892e-07,3.065392420783955e-05,-5.851573472731365e-20,1.44754534929145e-24,4.887169334137122e-23,6.062291944378885e-12,-2.7185128026804467e-30,1.9044353729019295e-11,8.729040529009277e-11,1.3111614520492134e-17,2.1517642353592384e-20,1.0217921711471074e-05
2962,4.511454961521437e-05,6.009941296589716,101325.0,0.35,303.15,2338.1,0.001,11  1,0.25  0.75,1.0,1483.0,200,True,3.0037524700164795,14501,2.4766470677357684e-05,4984.601179826973,2.2741471061317167e-13,8.269302175319648e-06,4.1465468012918535e-06,3205.7353289514162,True,False,True,True,no_excitation,NH3,0.00027113579480952254,0.0,303.15,0.0,1.4326491357123193e-07,0.0,0.0,0.0,0.0,0.0,0.0,0.0,0.0,0.0,4.775497119041065e-08,4.489682921734802e-05,-5.068776958256236e-13,303.15000000201735,5.999056236314892e-07,3.065392420783955e-05,-5.851573472731365e-20,1.44754534929145e-24,4.887169334137122e-23,6.062291944378885e-12,-2.7185128026804467e-30,1.9044353729019295e-11,8.729040529009277e-11,1.3111614520492134e-17,2.1517642353592384e-20,1.0217921711471074e-05
2962,4.511464051161204e-05,6.009941296589716,101325.0,0.35,303.15,2338.1,0.001,11  1,0.25  0.75,1.0,1483.0,200,True,3.074808120727539,14557,2.4766520685387347e-05,4984.602200120009,2.2741607112233477e-13,8.26935204122608e-06,4.146571405189775e-06,3205.735378512554,True,False,True,True,no_excitation,NH3,0.0002711363410915366,0.0,303.15,0.0,1.4326490475966807e-07,0.0,0.0,0.0,0.0,0.0,0.0,0.0,0.0,0.0,4.775496825322269e-08,4.489691913157355e-05,-6.053889665268981e-13,303.1500000024039,5.999056082947415e-07,3.06539224870793e-05,1.4638446769801804e-19,-9.147405892266938e-23,4.461296871037085e-23,5.594492729013486e-12,6.528012608828431e-30,1.9043707100153743e-11,8.729107289069401e-11,5.548659497697034e-17,-1.554794894506907e-19,1.0217921371637691e-05
2962,4.511454961521437e-05,6.009943298906592,101325.0,0.35,303.15,2338.1,0.001,11  1,0.25  0.75,1.0,1483.0,200,True,3.1673526763916016,14712,2.4766478829022337e-05,4984.602498784381,2.2741494395710884e-13,8.269310635146635e-06,4.146551659547285e-06,3205.735478324337,True,False,True,True,no_excitation,NH3,0.0002711358851431466,0.0,303.15,0.0,1.4326477037770535e-07,0.0,0.0,0.0,0.0,0.0,0.0,0.0,0.0,0.0,4.775492345923511e-08,4.489682824685715e-05,-9.709095582056548e-13,303.1500000038524,5.999062780807994e-07,3.065392381779269e-05,8.614514032587352e-22,2.5467789028984092e-23,4.541624797505763e-23,5.855223722053644e-12,3.849316568500807e-32,1.9044080282105475e-11,8.729086731808405e-11,2.2329764810861634e-17,6.099707536283859e-20,1.0217921684843743e-05
2962,4.509665932284705e-05,6.008753521589457,101325.0,0.35,303.15,2338.1,0.001,11  1,0.25  0.75,1.0,1483.0,200,True,2.9318501949310303,14412,2.4751777444604483e-05,4983.582354546323,2.270011857519798e-13,8.254480017277398e-06,4.138830770293161e-06,3205.745277431359,True,False,True,True,no_excitation,NH3,0.0002709747105180772,0.0,303.15,0.0,1.433516256778881e-07,0.0,0.0,0.0,0.0,0.0,0.0,0.0,0.0,0.0,4.778387522596271e-08,4.4879164699357324e-05,-4.742767541013952e-13,303.15000000226763,5.995221331818198e-07,3.0654587795058396e-05,2.604933617113731e-15,6.162954956553722e-20,3.7662132158938844e-23,4.771305995629279e-12,1.1874836196544507e-25,1.9019440579938408e-11,8.7610613785948e-11,-4.3027439040604397e-13,6.416775316113921e-17,1.0218143688153846e-05
2962,4.5105604469030706e-05,6.009347409089586,101325.0,0.35,303.15,2338.1,0.001,11  1,0.25  0.75,1.0,1483.0,200,True,3.1465721130371094,14672,2.4759123551677886e-05,4984.091776198764,2.2720807436910133e-13,8.261888388050401e-06,4.14268728266322e-06,3205.7374299108196,True,False,True,True,no_excitation,NH3,0.00027105524735138934,0.0,303.15,0.0,1.433082607971916e-07,0.0,0.0,0.0,0.0,0.0,0.0,0.0,0.0,0.0,4.7769420265730525e-08,4.488799686415921e-05,-5.75145804637757e-13,303.1500000022834,5.997143980896004e-07,3.065425547258553e-05,4.405986599977169e-21,1.435793732828657e-23,4.6217281391036595e-23,5.770532291483481e-12,1.953180598671203e-31,1.9029540568243393e-11,8.723784486302947e-11,2.3493024017919182e-17,4.307515611179543e-20,1.0218032310144207e-05
2962,4.5105695365428374e-05,6.009347409089586,101325.0,0.35,303.15,2338.1,0.001,11  1,0.25  0.75,1.0,1483.0,200,True,3.0826337337493896,14258,2.475917359586394e-05,4984.092728897089,2.2720944286937585e-13,8.261938219097484e-06,4.142711859103039e-06,3205.7373506517547,True,False,True,True,no_excitation,NH3,0.00027105579357942117,0.0,303.15,0.0,1.4330825197951855e-07,0.0,0.0,0.0,0.0,0.0,0.0,0.0,0.0,0.0,4.776941732650618e-08,4.4888087318052794e-05,-4.341874189455948e-13,303.15000000172154,5.997143847738322e-07,3.065425339094964e-05,9.62272922576916e-19,7.690965538979963e-24,5.05842355343046e-23,6.224058650847295e-12,5.160590360420084e-29,1.9029235507464063e-11,8.723825088425275e-11,3.08112707216049e-17,-1.1434014639405656e-20,1.0218031389396198e-05
2962,4.5105604469030706e-05,6.009349411406462,101325.0,0.35,303.15,2338.1,0.001,11  1,0.25  0.75,1.0,1483.0,200,True,2.8631415367126465,14177,2.475913177555617e-05,4984.092955091398,2.2720831766649537e-13,8.261896841176364e-06,4.142692134835549e-06,3205.7374356778573,True,False,True,True,no_excitation,NH3,0.00027105533766710237,0.0,303.15,0.0,1.4330811754618363e-07,0.0,0.0,0.0,0.0,0.0,0.0,0.0,0.0,0.0,4.776937251539454e-08,4.488799666236625e-05,-1.128661924581159e-12,303.1500000044835,5.997150483596806e-07,3.065425478934696e-05,1.9321513040757455e-17,-6.160179079400909e-18,4.889454445167957e-23,6.334874480184456e-12,-1.991088736688329e-27,1.902884085416721e-11,8.715189739448102e-11,9.932046576728316e-14,-1.2419445862327199e-14,1.0218031785519872e-05
2962,4.513393469808287e-05,6.009302000285215,101325.0,0.35,303.15,2338.1,0.001,11  1,0.25  0.75,1.0,1483.0,200,True,3.00247859954834,14502,2.477452771572479e-05,4984.407907073631,2.2762930638813574e-13,8.277237173756916e-06,4.150242023942701e-06,3205.7132042582384,True,False,True,True,no_excitation,NH3,0.00027122344406193166,0.0,303.15,0.0,1.4330876291346808e-07,0.0,0.0,0.0,0.0,0.0,0.0,0.0,0.0,0.0,4.776958763782269e-08,4.491619413215228e-05,-1.0089772259716658e-12,303.1500000040228,5.996953965351236e-07,3.065367064149354e-05,3.7449434136183496e-22,2.6042395458053663e-23,4.634609778762004e-23,5.9837266165544674e-12,1.6733724086127065e-32,1.902664941055338e-11,8.725718298119574e-11,2.234717685557965e-17,7.389539109177842e-20,1.0217837251145113e-05
2962,4.513393469808287e-05,6.009302000285215,101325.0,0.35,303.15,2338.1,0.001,11  1,0.25  0.75,1.0,1483.0,200,True,3.0858869552612305,14502,2.477452771572479e-05,4984.407907073631,2.2762930638813574e-13,8.277237173756916e-06,4.150242023942701e-06,3205.7132042582384,True,False,True,True,no_excitation,NH3,0.00027122344406193166,0.0,303.15,0.0,1.4330876291346808e-07,0.0,0.0,0.0,0.0,0.0,0.0,0.0,0.0,0.0,4.776958763782269e-08,4.491619413215228e-05,-1.0089772259716658e-12,303.1500000040228,5.996953965351236e-07,3.065367064149354e-05,3.7449434136183496e-22,2.6042395458053663e-23,4.634609778762004e-23,5.9837266165544674e-12,1.6733724086127065e-32,1.902664941055338e-11,8.725718298119574e-11,2.234717685557965e-17,7.389539109177842e-20,1.0217837251145113e-05
2962,4.513402559448054e-05,6.009302000285215,101325.0,0.35,303.15,2338.1,0.001,11  1,0.25  0.75,1.0,1483.0,200,True,3.2139925956726074,14388,2.4774577734278885e-05,4984.408854842844,2.27630684760653e-13,8.277287066114671e-06,4.1502666247040995e-06,3205.7130083501315,True,False,True,True,no_excitation,NH3,0.000271223990285836,0.0,303.15,0.0,1.4330875410666152e-07,0.0,0.0,0.0,0.0,0.0,0.0,0.0,0.0,0.0,4.7769584702220505e-08,4.491628512711273e-05,-5.767706025907867e-13,303.15000000228775,5.996953831481015e-07,3.0653668828977823e-05,8.765988468425837e-21,2.0342794008419574e-21,4.555722782253918e-23,5.692791749268381e-12,3.7033370021138844e-30,1.902646123364256e-11,8.725751419883844e-11,1.8127537119224663e-17,3.499167133120624e-18,1.0217836792338216e-05
2962,4.513393469808287e-05,6.009304002602091,101325.0,0.35,303.15,2338.1,0.001,11  1,0.25  0.75,1.0,1483.0,200,True,3.044501781463623,14482,2.4774535858261084e-05,4984.409157652755,2.2762953968331243e-13,8.27724564266513e-06,4.150246877955328e-06,3205.713355447802,True,False,True,True,no_excitation,NH3,0.0002712235344343708,0.0,303.15,0.0,1.433086196608757e-07,0.0,0.0,0.0,0.0,0.0,0.0,0.0,0.0,0.0,4.776953988695857e-08,4.491619329696057e-05,-1.0307539733178607e-12,303.150000004103,5.996960446104491e-07,3.0653670152103514e-05,6.272838828758876e-22,2.5933865111794462e-23,4.6728950226850234e-23,6.039274425147362e-12,2.8034196975915643e-32,1.9026069149428042e-11,8.725800439559488e-11,2.1932154913518824e-17,8.593780036763861e-20,1.0217837060024077e-05
2962,4.515642201515008e-05,6.008919710068426,101325.0,0.35,303.15,2338.1,0.001,11  1,0.25  0.75,1.0,1483.0,200,True,3.188194990158081,14390,2.47853396774603e-05,4984.425204836462,2.279218554626388e-13,8.287967179512356e-06,4.155403195468274e-06,3205.692436540522,True,False,True,True,no_excitation,NH3,0.0002713413142830031,0.0,303.15,0.0,1.433339386653172e-07,0.0,0.0,0.0,0.0,0.0,0.0,0.0,0.0,0.0,4.777797955510573e-08,4.4938616245714935e-05,-6.095162593889156e-13,303.1500000023967,5.99567765796379e-07,3.065329075272661e-05,-1.5554409931343745e-16,-3.753947273582019e-21,4.4198476003110827e-23,5.544900684628889e-12,-6.930372104602308e-27,1.9015719710606046e-11,8.730712838173759e-11,-6.134463455781004e-14,-6.6365268818852934e-18,1.0217710860529294e-05
2962,4.515642201515008e-05,6.008919710068426,101325.0,0.35,303.15,2338.1,0.001,11  1,0.25  0.75,1.0,1483.0,200,True,3.102544069290161,14390,2.47853396774603e-05,4984.425204836462,2.279218554626388e-13,8.287967179512356e-06,4.155403195468274e-06,3205.692436540522,True,False,True,True,no_excitation,NH3,0.0002713413142830031,0.0,303.15,0.0,1.433339386653172e-07,0.0,0.0,0.0,0.0,0.0,0.0,0.0,0.0,0.0,4.777797955510573e-08,4.4938616245714935e-05,-6.095162593889156e-13,303.1500000023967,5.99567765796379e-07,3.065329075272661e-05,-1.5554409931343745e-16,-3.753947273582019e-21,4.4198476003110827e-23,5.544900684628889e-12,-6.930372104602308e-27,1.9015719710606046e-11,8.730712838173759e-11,-6.134463455781004e-14,-6.6365268818852934e-18,1.0217710860529294e-05
2962,4.515651291154775e-05,6.008919710068426,101325.0,0.35,303.15,2338.1,0.001,11  1,0.25  0.75,1.0,1483.0,200,True,3.1668927669525146,15006,2.478538973263823e-05,4984.426584793399,2.279232311969338e-13,8.288017111720523e-06,4.1554278173685945e-06,3205.6922938276352,True,False,True,True,no_excitation,NH3,0.0002713418604721586,0.0,303.15,0.0,1.433339298656005e-07,0.0,0.0,0.0,0.0,0.0,0.0,0.0,0.0,0.0,4.777797662186683e-08,4.493870694458615e-05,-6.632627328936621e-13,303.150000002633,5.99567754481501e-07,3.065328913676273e-05,2.255474652435024e-26,2.305590322714166e-23,4.028277427259115e-23,5.056599719639625e-12,5.524236250663235e-32,1.9007222589300005e-11,8.639485373698471e-11,8.595026700557217e-13,-1.239815387537871e-18,1.0217710411119024e-05
2962,4.515642201515008e-05,6.008921712385302,101325.0,0.35,303.15,2338.1,0.001,11  1,0.25  0.75,1.0,1483.0,200,True,3.149508237838745,14522,2.4785347869016332e-05,4984.426653395843,2.2792210993183504e-13,8.287975659979942e-06,4.155408071058261e-06,3205.6922982844194,True,False,True,True,no_excitation,NH3,0.00027134140470046897,0.0,303.15,0.0,1.4333379537844352e-07,0.0,0.0,0.0,0.0,0.0,0.0,0.0,0.0,0.0,4.777793179281451e-08,4.4938616971553886e-05,-1.0986482466808398e-12,303.15000000436214,5.995684061468717e-07,3.065329000126484e-05,-3.939355672498366e-19,8.895297294919232e-23,4.8252397453469356e-23,6.247536746085381e-12,-1.7601923882273556e-29,1.901446855464878e-11,8.724725640940791e-11,-4.825632779855745e-17,3.0623133488579228e-19,1.02177102482342e-05
2962,4.517682350407023e-05,6.009355090713521,101325.0,0.35,303.15,2338.1,0.001,11  1,0.25  0.75,1.0,1483.0,200,True,2.938206672668457,14466,2.479834554579596e-05,4984.9680041893225,2.2828197028430794e-13,8.301025988917934e-06,4.161992760178774e-06,3205.68933510025,True,False,True,True,no_excitation,NH3,0.0002714835743064507,0.0,303.15,0.0,1.4330081332622956e-07,0.0,0.0,0.0,0.0,0.0,0.0,0.0,0.0,0.0,4.7766937775409856e-08,4.4958869391797566e-05,-5.548217449815831e-13,303.15000000220107,5.997038808207615e-07,3.0652759209076205e-05,-3.8884887092601917e-19,5.768676900545392e-24,4.6497307214026363e-23,5.797858285697724e-12,-1.7417108137637315e-29,1.9024850702710407e-11,8.729587978891303e-11,-5.2716973353977e-17,2.9849539503357384e-20,1.0217533514574477e-05
2962,4.517682350407023e-05,6.009355090713521,101325.0,0.35,303.15,2338.1,0.001,11  1,0.25  0.75,1.0,1483.0,200,True,3.1530542373657227,14466,2.479834554579596e-05,4984.9680041893225,2.2828197028430794e-13,8.301025988917934e-06,4.161992760178774e-06,3205.68933510025,True,False,True,True,no_excitation,NH3,0.0002714835743064507,0.0,303.15,0.0,1.4330081332622956e-07,0.0,0.0,0.0,0.0,0.0,0.0,0.0,0.0,0.0,4.7766937775409856e-08,4.4958869391797566e-05,-5.548217449815831e-13,303.15000000220107,5.997038808207615e-07,3.0652759209076205e-05,-3.8884887092601917e-19,5.768676900545392e-24,4.6497307214026363e-23,5.797858285697724e-12,-1.7417108137637315e-29,1.9024850702710407e-11,8.729587978891303e-11,-5.2716973353977e-17,2.9849539503357384e-20,1.0217533514574477e-05
2962,4.51769144004679e-05,6.009355090713521,101325.0,0.35,303.15,2338.1,0.001,11  1,0.25  0.75,1.0,1483.0,200,True,3.1804888248443604,14436,2.4798395569635233e-05,4984.969024782799,2.282833414223907e-13,8.301075977276146e-06,4.1620174071948805e-06,3205.689278076659,True,False,True,True,no_excitation,NH3,0.00027148412053518075,0.0,303.15,0.0,1.433008045363696e-07,0.0,0.0,0.0,0.0,0.0,0.0,0.0,0.0,0.0,4.776693484545653e-08,4.4958959790606095e-05,-6.342004828522474e-13,303.15000000251933,5.997038653620659e-07,3.065275747864858e-05,1.9751919998942543e-19,1.0707072374262247e-22,4.233292638354044e-23,5.333047056566876e-12,8.823834217219523e-30,1.9024730534598315e-11,8.72959203915173e-11,6.851873599952905e-17,2.545377095926042e-19,1.0217533170109646e-05
2962,4.517682350407023e-05,6.009357093030397,101325.0,0.35,303.15,2338.1,0.001,11  1,0.25  0.75,1.0,1483.0,200,True,2.9714815616607666,14414,2.4798353711362234e-05,4984.9693220217505,2.282821955624384e-13,8.301034482101697e-06,4.161997642573777e-06,3205.689612007068,True,False,True,True,no_excitation,NH3,0.00027148366476476677,0.0,303.15,0.0,1.433006700828492e-07,0.0,0.0,0.0,0.0,0.0,0.0,0.0,0.0,0.0,4.776689002761641e-08,4.495886767998619e-05,-3.3166876512870974e-13,303.1500000013784,5.997045411348068e-07,3.065275945130811e-05,2.5803496767595174e-16,-2.811952611569675e-19,3.162616348938846e-23,3.919851953054603e-12,1.320025857934604e-24,1.902484235765776e-11,8.731656144206438e-11,-1.7816822802068836e-14,-3.152874504334989e-15,1.0217534537971277e-05
2962,4.518255276843441e-05,6.008742226754055,101325.0,0.35,303.15,2338.1,0.001,11  1,0.25  0.75,1.0,1483.0,200,True,3.0105650424957275,14716,2.479899226970782e-05,4984.625243485859,2.2829426701850077e-13,8.301576891031404e-06,4.1620543241348115e-06,3205.6741930303406,True,False,True,True,no_excitation,NH3,0.00027149031273223517,0.0,303.15,0.0,1.43344111730835e-07,0.0,0.0,0.0,0.0,0.0,0.0,0.0,0.0,0.0,4.7781370576945e-08,4.496464090162685e-05,-7.863699085689486e-13,303.1500000031211,5.995052740189704e-07,3.065278620117453e-05,-4.421033190195361e-19,3.646448470417454e-23,3.9095142913811946e-23,5.015757886453022e-12,-1.9567164816665287e-29,1.9008942237752834e-11,8.725355305901008e-11,2.4733832113575204e-17,8.03272729560832e-20,1.0217542929405178e-05
2962,4.518255276843441e-05,6.008742226754055,101325.0,0.35,303.15,2338.1,0.001,11  1,0.25  0.75,1.0,1483.0,200,True,3.091952085494995,14716,2.479899226970782e-05,4984.625243485859,2.2829426701850077e-13,8.301576891031404e-06,4.1620543241348115e-06,3205.6741930303406,True,False,True,True,no_excitation,NH3,0.00027149031273223517,0.0,303.15,0.0,1.43344111730835e-07,0.0,0.0,0.0,0.0,0.0,0.0,0.0,0.0,0.0,4.7781370576945e-08,4.496464090162685e-05,-7.863699085689486e-13,303.1500000031211,5.995052740189704e-07,3.065278620117453e-05,-4.421033190195361e-19,3.646448470417454e-23,3.9095142913811946e-23,5.015757886453022e-12,-1.9567164816665287e-29,1.9008942237752834e-11,8.725355305901008e-11,2.4733832113575204e-17,8.03272729560832e-20,1.0217542929405178e-05
2962,4.5182643664832075e-05,6.008742226754055,101325.0,0.35,303.15,2338.1,0.001,11  1,0.25  0.75,1.0,1483.0,200,True,2.890286922454834,14098,2.479904223906839e-05,4984.626232065056,2.282956399804688e-13,8.301626876372711e-06,4.1620789853035595e-06,3205.674113354313,True,False,True,True,no_excitation,NH3,0.0002714908589052581,0.0,303.15,0.0,1.4334410294051488e-07,0.0,0.0,0.0,0.0,0.0,0.0,0.0,0.0,0.0,4.7781367646838296e-08,4.4964731586193086e-05,-7.200424102262091e-13,303.1500000028793,5.995052521953026e-07,3.0652784283992836e-05,-2.216856650262681e-19,-5.465648400563969e-24,3.965239474339126e-23,5.049060651017984e-12,1.702504731130331e-29,1.9008571671617143e-11,8.725463082270039e-11,1.2709261498166142e-17,-7.852918192371966e-16,1.0217542273809663e-05
2962,4.518255276843441e-05,6.008744229070931,101325.0,0.35,303.15,2338.1,0.001,11  1,0.25  0.75,1.0,1483.0,200,True,3.1585938930511475,14744,2.479900043208721e-05,4984.62645572763,2.2829449799124444e-13,8.30158538570064e-06,4.162059190124934e-06,3205.674386137045,True,False,True,True,no_excitation,NH3,0.0002714904032020231,0.0,303.15,0.0,1.4334396842955897e-07,0.0,0.0,0.0,0.0,0.0,0.0,0.0,0.0,0.0,4.7781322809853e-08,4.4964640032918054e-05,-5.584463983798216e-13,303.15000000221653,5.995059153050168e-07,3.0652785415969056e-05,3.5805326478251664e-21,6.433993225325105e-23,4.7159236855737846e-23,5.876439622825987e-12,1.5451287254423398e-31,1.9008015408863255e-11,8.725467682314836e-11,2.2821144893547733e-17,1.3079942008698723e-19,1.0217542237077844e-05
2962,4.519338678802627e-05,6.008163803918343,101325.0,0.35,303.15,2338.1,0.001,11  1,0.25  0.75,1.0,1483.0,200,True,2.9739372730255127,14550,2.4802587719676278e-05,4984.3677987265,2.283876267237442e-13,8.305080663110608e-06,4.163583896373109e-06,3205.657844164918,True,False,True,True,no_excitation,NH3,0.0002715292706763009,0.0,303.15,0.0,1.4338446836037902e-07,0.0,0.0,0.0,0.0,0.0,0.0,0.0,0.0,0.0,4.7794822786793005e-08,4.497549034578478e-05,-7.495828082249938e-13,303.1500000029768,5.993165094908503e-07,3.0652698018427175e-05,1.0082872979223331e-19,2.278436968418575e-23,3.921667917063627e-23,5.0098391144581816e-12,4.540246756292031e-30,1.8992997560944608e-11,8.721855611714939e-11,2.231058205038272e-17,5.939308073279758e-20,1.0217513560930677e-05
2962,4.519338678802627e-05,6.008163803918343,101325.0,0.35,303.15,2338.1,0.001,11  1,0.25  0.75,1.0,1483.0,200,True,3.037816286087036,14550,2.4802587719676278e-05,4984.3677987265,2.283876267237442e-13,8.305080663110608e-06,4.163583896373109e-06,3205.657844164918,True,False,True,True,no_excitation,NH3,0.0002715292706763009,0.0,303.15,0.0,1.4338446836037902e-07,0.0,0.0,0.0,0.0,0.0,0.0,0.0,0.0,0.0,4.7794822786793005e-08,4.497549034578478e-05,-7.495828082249938e-13,303.1500000029768,5.993165094908503e-07,3.0652698018427175e-05,1.0082872979223331e-19,2.278436968418575e-23,3.921667917063627e-23,5.0098391144581816e-12,4.540246756292031e-30,1.8992997560944608e-11,8.721855611714939e-11,2.231058205038272e-17,5.939308073279758e-20,1.0217513560930677e-05
2962,4.519347768442394e-05,6.008163803918343,101325.0,0.35,303.15,2338.1,0.001,11  1,0.25  0.75,1.0,1483.0,200,True,2.942418336868286,14366,2.480263772435204e-05,4984.369105620577,2.2838899809046656e-13,8.305130657579297e-06,4.163608543044075e-06,3205.6577856298322,True,False,True,True,no_excitation,NH3,0.00027152981679674727,0.0,303.15,0.0,1.4338445957173507e-07,0.0,0.0,0.0,0.0,0.0,0.0,0.0,0.0,0.0,4.7794819857245025e-08,4.497558089367849e-05,-7.453518501494611e-13,303.15000000296294,5.993164883529807e-07,3.065269594271864e-05,-5.916099628231831e-19,2.3751516296825884e-23,4.2999680704053187e-23,5.4733750545132855e-12,-2.64270589772554e-29,1.8992739014901773e-11,8.721885325071202e-11,2.2311378998672938e-17,6.094262682958211e-20,1.0217512637197329e-05
2962,4.519338678802627e-05,6.008165806235219,101325.0,0.35,303.15,2338.1,0.001,11  1,0.25  0.75,1.0,1483.0,200,True,2.970299243927002,14612,2.4802595872841833e-05,4984.3693369448465,2.283878668093215e-13,8.30508916223765e-06,4.163588769029364e-06,3205.6579121611794,True,False,True,True,no_excitation,NH3,0.00027152936116778194,0.0,303.15,0.0,1.4338432500495858e-07,0.0,0.0,0.0,0.0,0.0,0.0,0.0,0.0,0.0,4.779477500165286e-08,4.4975490034111876e-05,-5.91842660854456e-13,303.1500000023456,5.993171519636981e-07,3.0652697315877794e-05,8.515399745026121e-20,-5.687187784001889e-23,4.491176524523915e-23,5.618895426062202e-12,3.808433514962822e-30,1.8993542060851635e-11,8.721818836395917e-11,3.92069259628905e-17,-4.1569143252524825e-20,1.021751302221056e-05
2962,4.521191865259563e-05,6.007689590292822,101325.0,0.35,303.15,2338.1,0.001,11  1,0.25  0.75,1.0,1483.0,200,True,2.9180352687835693,14213,2.4810843161342362e-05,4984.2747802542235,2.2860972362599026e-13,8.313262452527786e-06,4.167455866439404e-06,3205.6394879720538,True,False,True,True,no_excitation,NH3,0.00027161917304636463,0.0,303.15,0.0,1.434166334465334e-07,0.0,0.0,0.0,0.0,0.0,0.0,0.0,0.0,0.0,4.780554448217779e-08,4.4993987485986354e-05,-7.314621579536538e-13,303.15000000290695,5.99159762194917e-07,3.065242407902814e-05,1.0878843515351596e-19,3.427365259972053e-23,3.976125382716273e-23,5.063798347444836e-12,4.9463935705369665e-30,1.8979453673494012e-11,8.71972298607864e-11,2.2319103309096817e-17,7.724237727599656e-20,1.0217422235995863e-05
2962,4.521191865259563e-05,6.007689590292822,101325.0,0.35,303.15,2338.1,0.001,11  1,0.25  0.75,1.0,1483.0,200,True,3.397836923599243,14213,2.4810843161342362e-05,4984.2747802542235,2.2860972362599026e-13,8.313262452527786e-06,4.167455866439404e-06,3205.6394879720538,True,False,True,True,no_excitation,NH3,0.00027161917304636463,0.0,303.15,0.0,1.434166334465334e-07,0.0,0.0,0.0,0.0,0.0,0.0,0.0,0.0,0.0,4.780554448217779e-08,4.4993987485986354e-05,-7.314621579536538e-13,303.15000000290695,5.99159762194917e-07,3.065242407902814e-05,1.0878843515351596e-19,3.427365259972053e-23,3.976125382716273e-23,5.063798347444836e-12,4.9463935705369665e-30,1.8979453673494012e-11,8.71972298607864e-11,2.2319103309096817e-17,7.724237727599656e-20,1.0217422235995863e-05
2962,4.5212009548993297e-05,6.007689590292822,101325.0,0.35,303.15,2338.1,0.001,11  1,0.25  0.75,1.0,1483.0,200,True,3.0559144020080566,14604,2.4810893141046697e-05,4984.275786062346,2.2861108797892146e-13,8.313312475776233e-06,4.167480527612089e-06,3205.6395390696734,True,False,True,True,no_excitation,NH3,0.00027161971912370667,0.0,303.15,0.0,1.434166246630132e-07,0.0,0.0,0.0,0.0,0.0,0.0,0.0,0.0,0.0,4.780554155433773e-08,4.4994077837674955e-05,-1.262720661777829e-12,303.1500000050318,5.991597285111188e-07,3.065242158556174e-05,3.813458944928252e-21,1.2272057364638397e-22,5.1253013767456296e-23,6.681760937176475e-12,1.6952133680778707e-31,1.8979680617246546e-11,8.71971290010459e-11,2.4746313271688546e-17,1.2884883893783917e-18,1.0217420595831694e-05
2962,4.521191865259563e-05,6.007691592609698,101325.0,0.35,303.15,2338.1,0.001,11  1,0.25  0.75,1.0,1483.0,200,True,3.0021817684173584,14342,2.4810851363855477e-05,4984.275945838783,2.286099596240463e-13,8.313270960747454e-06,4.167460760951338e-06,3205.639621187003,True,False,True,True,no_excitation,NH3,0.00027161926357495235,0.0,303.15,0.0,1.4341649004763618e-07,0.0,0.0,0.0,0.0,0.0,0.0,0.0,0.0,0.0,4.780549668254539e-08,4.499398697236604e-05,-9.351749316419582e-13,303.15000000371805,5.991604012374525e-07,3.065242335858552e-05,4.624750700293368e-22,2.5846644355405625e-23,4.459627635904342e-23,5.7351442749707516e-12,2.064511240064796e-32,1.8980098632764476e-11,8.71967833314063e-11,2.2415587897685412e-17,6.813454651053871e-20,1.0217421660183448e-05
2962,4.5201745900650574e-05,6.007105369669447,101325.0,0.35,303.15,2338.1,0.001,11  1,0.25  0.75,1.0,1483.0,200,True,3.3401002883911133,14493,2.480285694187557e-05,4983.757002338138,2.283852666634963e-13,8.30518477629953e-06,4.16327241526558e-06,3205.6376561598936,True,False,True,True,no_excitation,NH3,0.000271531650518232,0.0,303.15,0.0,1.4345946496659988e-07,0.0,0.0,0.0,0.0,0.0,0.0,0.0,0.0,0.0,4.7819821655533297e-08,4.4983932177790246e-05,-5.46060818984596e-13,303.15000000217066,5.989729741155572e-07,3.065277668206323e-05,-1.0704040977700814e-20,8.038488083963586e-24,4.7075575746392793e-23,5.854591015627547e-12,-5.443535066815552e-31,1.896442955679246e-11,8.714542441446496e-11,2.2395428819941938e-17,3.4025609578458695e-20,1.0217539405855034e-05
2962,4.5201745900650574e-05,6.007105369669447,101325.0,0.35,303.15,2338.1,0.001,11  1,0.25  0.75,1.0,1483.0,200,True,3.000485897064209,14493,2.480285694187557e-05,4983.757002338138,2.283852666634963e-13,8.30518477629953e-06,4.16327241526558e-06,3205.6376561598936,True,False,True,True,no_excitation,NH3,0.000271531650518232,0.0,303.15,0.0,1.4345946496659988e-07,0.0,0.0,0.0,0.0,0.0,0.0,0.0,0.0,0.0,4.7819821655533297e-08,4.4983932177790246e-05,-5.46060818984596e-13,303.15000000217066,5.989729741155572e-07,3.065277668206323e-05,-1.0704040977700814e-20,8.038488083963586e-24,4.7075575746392793e-23,5.854591015627547e-12,-5.443535066815552e-31,1.896442955679246e-11,8.714542441446496e-11,2.2395428819941938e-17,3.4025609578458695e-20,1.0217539405855034e-05
2962,4.520183679704824e-05,6.007105369669447,101325.0,0.35,303.15,2338.1,0.001,11  1,0.25  0.75,1.0,1483.0,200,True,2.9953813552856445,14501,2.4802906916544055e-05,4983.758098561777,2.283866237604548e-13,8.305234762153503e-06,4.163297055504692e-06,3205.637794167566,True,False,True,True,no_excitation,NH3,0.0002715321965424705,0.0,303.15,0.0,1.4345945617656158e-07,0.0,0.0,0.0,0.0,0.0,0.0,0.0,0.0,0.0,4.781981872552052e-08,4.4984021574330716e-05,-5.437073964995944e-13,303.15000000216014,5.989729622732335e-07,3.065277494275893e-05,-7.901472011750141e-19,1.1948836542835382e-22,4.372479069967372e-23,5.470994542259274e-12,-3.5534586695538495e-29,1.8965711590063334e-11,8.714428151176729e-11,2.2489627959715255e-17,2.2520908470817203e-19,1.021753901802928e-05
2962,4.5201745900650574e-05,6.007107371986323,101325.0,0.35,303.15,2338.1,0.001,11  1,0.25  0.75,1.0,1483.0,200,True,3.0271029472351074,14364,2.4802865115738416e-05,4983.7583558750275,2.283854995877513e-13,8.305193277126086e-06,4.163277304266447e-06,3205.6378293341263,True,False,True,True,no_excitation,NH3,0.00027153174102645064,0.0,303.15,0.0,1.4345932151092603e-07,0.0,0.0,0.0,0.0,0.0,0.0,0.0,0.0,0.0,4.7819773836975335e-08,4.498393094178782e-05,-3.9271624066507233e-13,303.1500000015567,5.989736343658283e-07,3.065277690017778e-05,8.031366205901694e-18,2.440190910637944e-23,3.230807592863115e-23,4.022781336994611e-12,3.588676019444724e-28,1.8965651323067987e-11,8.714439260682483e-11,2.2292492600800476e-17,6.17073454001061e-20,1.0217540394574775e-05
2962,4.518404298012488e-05,6.0066160292429,101325.0,0.35,303.15,2338.1,0.001,11  1,0.25  0.75,1.0,1483.0,200,True,3.205584764480591,14154,2.4791117932424945e-05,4983.210832338437,2.280584434501031e-13,8.293378502135086e-06,4.157283329720724e-06,3205.649812592587,True,False,True,True,no_excitation,NH3,0.0002714031968304182,0.0,303.15,0.0,1.43496242454164e-07,0.0,0.0,0.0,0.0,0.0,0.0,0.0,0.0,0.0,4.7832080818054666e-08,4.496637200930391e-05,-1.1608666280795471e-12,303.1500000046113,5.988168318817898e-07,3.065326542348568e-05,6.207151864022583e-18,4.3643023194675574e-21,4.9564819126059443e-23,6.422664999414026e-12,2.779433061691034e-28,1.8953632475282845e-11,8.708658981937796e-11,6.591874796263695e-15,9.48168433023884e-18,1.0217702064257167e-05
2962,4.5192894440387726e-05,6.0068606994561735,101325.0,0.35,303.15,2338.1,0.001,11  1,0.25  0.75,1.0,1483.0,200,True,3.135310649871826,14942,2.479698723091128e-05,4983.483736079645,2.2822187057574824e-13,8.299280037199719e-06,4.160277036010683e-06,3205.6428846555873,True,False,True,True,no_excitation,NH3,0.00027146742150863643,0.0,303.15,0.0,1.4347785200974906e-07,0.0,0.0,0.0,0.0,0.0,0.0,0.0,0.0,0.0,4.782595066991636e-08,4.49751510273407e-05,-7.061476138906794e-13,303.15000000279065,5.988951005134487e-07,3.0653021294729177e-05,1.8950974952931802e-21,2.6720923623967337e-23,3.9951867969583396e-23,5.068045121271958e-12,8.456026165841987e-32,1.8959200677172932e-11,8.711922106136229e-11,2.2771473677821767e-17,7.140692070193242e-20,1.0217621351527785e-05
2962,4.5192985336785394e-05,6.0068606994561735,101325.0,0.35,303.15,2338.1,0.001,11  1,0.25  0.75,1.0,1483.0,200,True,3.17447566986084,14403,2.4797037220966902e-05,4983.485042764072,2.2822325387574827e-13,8.29932999727173e-06,4.160301659913921e-06,3205.642643844676,True,False,True,True,no_excitation,NH3,0.0002714679675106353,0.0,303.15,0.0,1.4347784321519258e-07,0.0,0.0,0.0,0.0,0.0,0.0,0.0,0.0,0.0,4.782594773839753e-08,4.497524241158223e-05,-1.1196432338255453e-12,303.1500000044476,5.988950798791437e-07,3.065301890369691e-05,-5.1612088645135865e-21,3.003080948389029e-23,4.8847013786697416e-23,6.317669047126723e-12,-2.3057366359186955e-31,1.895979047571366e-11,8.711865784168971e-11,2.143701766380197e-17,7.393986612746535e-20,1.0217619929791014e-05
2962,4.5192894440387726e-05,6.006862701773049,101325.0,0.35,303.15,2338.1,0.001,11  1,0.25  0.75,1.0,1483.0,200,True,3.2217390537261963,14469,2.479699542301995e-05,4983.485326436043,2.2822212891432405e-13,8.299288532346591e-06,4.160281899531329e-06,3205.6426929580857,True,False,True,True,no_excitation,NH3,0.00027146751199913163,0.0,303.15,0.0,1.4347770852984477e-07,0.0,0.0,0.0,0.0,0.0,0.0,0.0,0.0,0.0,4.7825902843281587e-08,4.497515181159352e-05,-5.980265578115189e-13,303.15000000237313,5.988957471105034e-07,3.065302057130268e-05,3.7119060868146014e-19,2.1422289454359205e-21,4.5224418442325647e-23,5.653819339515128e-12,1.6821840056689658e-29,1.895896388818048e-11,8.711962459192557e-11,9.688105695550246e-17,4.0523785721412356e-18,1.0217620817323561e-05
2962,4.520400615680787e-05,6.007055552671482,101325.0,0.35,303.15,2338.1,0.001,11  1,0.25  0.75,1.0,1483.0,200,True,3.117114782333374,14500,2.4803896455682865e-05,4983.750972881603,2.2841330876978725e-13,8.306216270875616e-06,4.163763966927018e-06,3205.6356295563837,True,False,True,True,no_excitation,NH3,0.00027154297618724855,0.0,303.15,0.0,1.434628155884784e-07,0.0,0.0,0.0,0.0,0.0,0.0,0.0,0.0,0.0,4.78209385294928e-08,4.498618616354172e-05,-6.246745816070236e-13,303.1500000024827,5.98956479259453e-07,3.06527414856646e-05,1.1462105912987307e-17,-5.396285521002998e-21,4.3764429403550584e-23,5.492260645664449e-12,5.122880231177889e-28,1.8963139147447152e-11,8.714228421175827e-11,1.0177789601732616e-15,-4.975797997741379e-18,1.0217527856229201e-05
2962,4.520400615680787e-05,6.007055552671482,101325.0,0.35,303.15,2338.1,0.001,11  1,0.25  0.75,1.0,1483.0,200,True,3.0405819416046143,14500,2.4803896455682865e-05,4983.750972881603,2.2841330876978725e-13,8.306216270875616e-06,4.163763966927018e-06,3205.6356295563837,True,False,True,True,no_excitation,NH3,0.00027154297618724855,0.0,303.15,0.0,1.434628155884784e-07,0.0,0.0,0.0,0.0,0.0,0.0,0.0,0.0,0.0,4.78209385294928e-08,4.498618616354172e-05,-6.246745816070236e-13,303.1500000024827,5.98956479259453e-07,3.06527414856646e-05,1.1462105912987307e-17,-5.396285521002998e-21,4.3764429403550584e-23,5.492260645664449e-12,5.122880231177889e-28,1.8963139147447152e-11,8.714228421175827e-11,1.0177789601732616e-15,-4.975797997741379e-18,1.0217527856229201e-05
2962,4.5204097053205536e-05,6.007055552671482,101325.0,0.35,303.15,2338.1,0.001,11  1,0.25  0.75,1.0,1483.0,200,True,3.214381217956543,14667,2.4803946453151406e-05,4983.751998968723,2.2841468290379694e-13,8.3062662604431e-06,4.163788618364999e-06,3205.6355322898717,True,False,True,True,no_excitation,NH3,0.0002715435222069589,0.0,303.15,0.0,1.4346280679910034e-07,0.0,0.0,0.0,0.0,0.0,0.0,0.0,0.0,0.0,4.782093559970011e-08,4.498627696747919e-05,-7.023791842514766e-13,303.1500000027883,5.989564556194319e-07,3.065273953102631e-05,1.921773388741195e-18,4.827234448774147e-23,4.43741790257646e-23,5.625954278823827e-12,8.620305887236525e-29,1.8964163598364193e-11,8.714236331529033e-11,-2.1763953336172165e-17,1.0150019065858746e-19,1.0217527138143488e-05
2962,4.520400615680787e-05,6.007057554988358,101325.0,0.35,303.15,2338.1,0.001,11  1,0.25  0.75,1.0,1483.0,200,True,3.0257773399353027,14461,2.480390468782033e-05,4983.752380627192,2.2841356089599604e-13,8.306224772833641e-06,4.163768837738838e-06,3205.635528839531,True,False,True,True,no_excitation,NH3,0.000271543066699993,0.0,303.15,0.0,1.434626721282642e-07,0.0,0.0,0.0,0.0,0.0,0.0,0.0,0.0,0.0,4.782089070942141e-08,4.498618679910649e-05,-1.0695719542223388e-12,303.1500000042523,5.989571150108551e-07,3.065274074344084e-05,-7.749466078916432e-22,2.5768118115244852e-23,4.771814365006697e-23,6.1631712003049435e-12,-3.458844689565905e-32,1.8964215117467872e-11,8.7142378150275e-11,2.2294894088272506e-17,6.328878228353935e-20,1.0217527273618897e-05
2962,4.521387236775682e-05,6.007280600763558,101325.0,0.35,303.15,2338.1,0.001,11  1,0.25  0.75,1.0,1483.0,200,True,3.0534493923187256,14303,2.481024444010053e-05,4984.022894858765,2.285895749384524e-13,8.312599711175547e-06,4.166988749760132e-06,3205.631817662877,True,False,True,True,no_excitation,NH3,0.000271612418360225,0.0,303.15,0.0,1.434457390245807e-07,0.0,0.0,0.0,0.0,0.0,0.0,0.0,0.0,0.0,4.7815246341526894e-08,4.499597871198706e-05,-6.793118651970202e-13,303.15000000270703,5.99027420727331e-07,3.065248120381167e-05,-2.9378235142557735e-24,2.3721823649442834e-23,4.0434254287932064e-23,5.1187323151207865e-12,-1.6905970824905046e-34,1.8969089771171578e-11,8.716742646830586e-11,2.230347081859986e-17,6.187569214933785e-20,1.0217441268479507e-05
2962,4.521387236775682e-05,6.007280600763558,101325.0,0.35,303.15,2338.1,0.001,11  1,0.25  0.75,1.0,1483.0,200,True,2.9877352714538574,14303,2.481024444010053e-05,4984.022894858765,2.285895749384524e-13,8.312599711175547e-06,4.166988749760132e-06,3205.631817662877,True,False,True,True,no_excitation,NH3,0.000271612418360225,0.0,303.15,0.0,1.434457390245807e-07,0.0,0.0,0.0,0.0,0.0,0.0,0.0,0.0,0.0,4.7815246341526894e-08,4.499597871198706e-05,-6.793118651970202e-13,303.15000000270703,5.99027420727331e-07,3.065248120381167e-05,-2.9378235142557735e-24,2.3721823649442834e-23,4.0434254287932064e-23,5.1187323151207865e-12,-1.6905970824905046e-34,1.8969089771171578e-11,8.716742646830586e-11,2.230347081859986e-17,6.187569214933785e-20,1.0217441268479507e-05
2962,4.5213963264154485e-05,6.007280600763558,101325.0,0.35,303.15,2338.1,0.001,11  1,0.25  0.75,1.0,1483.0,200,True,3.070861339569092,14514,2.4810294500012885e-05,4984.02405104033,2.2859095013938057e-13,8.312649728273032e-06,4.167013408777491e-06,3205.6317145509047,True,False,True,True,no_excitation,NH3,0.0002716129644003914,0.0,303.15,0.0,1.4344573024002555e-07,0.0,0.0,0.0,0.0,0.0,0.0,0.0,0.0,0.0,4.7815243413341844e-08,4.499606949668516e-05,-1.1259130387168894e-12,303.1500000044769,5.990273986593737e-07,3.065247884511404e-05,-2.3035280221691842e-21,2.5451698076405888e-23,4.8945925630159156e-23,6.335564869174982e-12,-1.0271683738581658e-31,1.896955997472797e-11,8.7167019264933e-11,2.2337154047029532e-17,6.233083842274594e-20,1.0217439873877766e-05
2962,4.521387236775682e-05,6.007282603080434,101325.0,0.35,303.15,2338.1,0.001,11  1,0.25  0.75,1.0,1483.0,200,True,3.063875198364258,14612,2.4810252677062536e-05,4984.024415342017,2.2858981747922716e-13,8.312608219332593e-06,4.16699363020309e-06,3205.631855515616,True,False,True,True,no_excitation,NH3,0.0002716125088927247,0.0,303.15,0.0,1.4344559558681658e-07,0.0,0.0,0.0,0.0,0.0,0.0,0.0,0.0,0.0,4.7815198528938855e-08,4.49959784383076e-05,-6.270113784931391e-13,303.15000000248875,5.990280672448082e-07,3.0652480621772894e-05,1.773627930824824e-19,6.234150466908508e-23,4.2974841802181654e-23,5.399289145774403e-12,7.923717676854087e-30,1.8970216766482117e-11,8.716646545170021e-11,6.320572043294121e-17,1.4695558508764636e-19,1.0217440934265829e-05
2962,4.5227204934690446e-05,6.00717278354527,101325.0,0.35,303.15,2338.1,0.001,11  1,0.25  0.75,1.0,1483.0,200,True,3.1569573879241943,14561,2.481713732530906e-05,4984.113040142535,2.287777240412295e-13,8.319479770129387e-06,4.170344209660079e-06,3205.622509184749,True,False,True,True,no_excitation,NH3,0.0002716876345594968,0.0,303.15,0.0,1.4345217469065817e-07,0.0,0.0,0.0,0.0,0.0,0.0,0.0,0.0,0.0,4.781739156355273e-08,4.500925875966157e-05,-7.975846568755981e-13,303.1500000031824,5.989899607781141e-07,3.065222838141169e-05,4.505078144885738e-21,2.3901607753127848e-23,4.15155393064368e-23,5.303183825432284e-12,2.012797383042036e-31,1.8964917098467603e-11,8.717028803913587e-11,3.059882857067856e-17,7.758795821438917e-20,1.0217356902075055e-05
2962,4.5227204934690446e-05,6.00717278354527,101325.0,0.35,303.15,2338.1,0.001,11  1,0.25  0.75,1.0,1483.0,200,True,3.0945894718170166,14561,2.481713732530906e-05,4984.113040142535,2.287777240412295e-13,8.319479770129387e-06,4.170344209660079e-06,3205.622509184749,True,False,True,True,no_excitation,NH3,0.0002716876345594968,0.0,303.15,0.0,1.4345217469065817e-07,0.0,0.0,0.0,0.0,0.0,0.0,0.0,0.0,0.0,4.781739156355273e-08,4.500925875966157e-05,-7.975846568755981e-13,303.1500000031824,5.989899607781141e-07,3.065222838141169e-05,4.505078144885738e-21,2.3901607753127848e-23,4.15155393064368e-23,5.303183825432284e-12,2.012797383042036e-31,1.8964917098467603e-11,8.717028803913587e-11,3.059882857067856e-17,7.758795821438917e-20,1.0217356902075055e-05
2962,4.5227295831088114e-05,6.00717278354527,101325.0,0.35,303.15,2338.1,0.001,11  1,0.25  0.75,1.0,1483.0,200,True,3.149649143218994,14212,2.481718734378209e-05,4984.114218097989,2.2877909568879265e-13,8.319529813900046e-06,4.170368901784703e-06,3205.6224713458905,True,False,True,True,no_excitation,NH3,0.00027168818058986296,0.0,303.15,0.0,1.4345216591080878e-07,0.0,0.0,0.0,0.0,0.0,0.0,0.0,0.0,0.0,4.7817388636936253e-08,4.500934937523615e-05,-1.0630183377091227e-12,303.15000000422935,5.98989934266425e-07,3.065222616549395e-05,-7.362129177560912e-18,3.822744200223747e-19,4.744069326942388e-23,6.134021269854316e-12,-3.9977275483387205e-28,1.8966129274037093e-11,8.723742448483202e-11,-6.905089666951085e-14,7.646953189023085e-16,1.0217355759588205e-05
2962,4.5227204934690446e-05,6.007174785862146,101325.0,0.35,303.15,2338.1,0.001,11  1,0.25  0.75,1.0,1483.0,200,True,2.9844071865081787,14341,2.4817145535264158e-05,4984.1144522634095,2.287779753194997e-13,8.319488285495436e-06,4.1703491020520215e-06,3205.6224295040515,True,False,True,True,no_excitation,NH3,0.00027168772511869247,0.0,303.15,0.0,1.434520312438843e-07,0.0,0.0,0.0,0.0,0.0,0.0,0.0,0.0,0.0,4.781734374796143e-08,4.50092592047174e-05,-1.0010403304660573e-12,303.1500000039846,5.98990600910782e-07,3.0652227650200595e-05,-9.155241393320721e-20,3.279747195353708e-23,4.615652049339458e-23,5.948342267018741e-12,-4.090160250219306e-30,1.8965141248318673e-11,8.71703014189265e-11,2.2523976473705228e-18,8.047962128478999e-20,1.0217356335696471e-05
2962,4.5233297396290956e-05,6.007455397782432,101325.0,0.35,303.15,2338.1,0.001,11  1,0.25  0.75,1.0,1483.0,200,True,2.87260365486145,14192,2.4821645614825732e-05,4984.377835417837,2.289039758845052e-13,8.324036900713994e-06,4.1726883197034875e-06,3205.6247369128755,True,False,True,True,no_excitation,NH3,0.00027173701660284614,0.0,303.15,0.0,1.434313416652861e-07,0.0,0.0,0.0,0.0,0.0,0.0,0.0,0.0,0.0,4.781044722176203e-08,4.501528996779383e-05,-7.853062890731439e-13,303.1500000031406,5.990796546357717e-07,3.065203361644674e-05,2.306419102983303e-19,2.068537008163941e-21,4.12473097462988e-23,5.267195859375361e-12,1.0320224749807657e-29,1.897169935979957e-11,8.71954567622293e-11,1.130058995836192e-15,5.5805617940656985e-18,1.0217291982832232e-05
