ID,R_E,ratio,P_amb,alfa_M,T_inf,P_v,mu_L,gases,fractions,surfactant,c_L,error_code,success,elapsed_time,steps,collapse_time,T_max,n_NH3,expansion_work,dissipated_acoustic_energy,energy_efficiency,enable_heat_transfer,enable_evaporation,enable_reactions,enable_dissipated_energy,excitation_type,target_specie,p_A,freq,n,R_0,R_dot_0,T_0,c_NH3_0,c_H2_0,c_H_0,c_NH2_0,c_NH_0,c_N_0,c_NNH_0,c_N2H4_0,c_N2H3_0,c_N2H2_0,c_H2NN_0,c_N2_0,R_last,R_dot_last,T_last,c_NH3_last,c_H2_last,c_H_last,c_NH2_last,c_NH_last,c_N_last,c_NNH_last,c_N2H4_last,c_N2H3_last,c_N2H2_last,c_H2NN_last,c_N2_last
1165,0.00016866788949057744,1.0,5066.25,0.35,293.15,2338.1,0.001,11  1,0.25  0.75,1.0,2857.457546735209,0,True,18.751625061035156,100721,7.705933008730575e-05,5297.8517641223,6.9751062480941965e-12,0.0,7.15196542482916e-06,60.20663782059199,True,False,True,True,sin_impulse,NH3,-545478.8143625828,24959.52715454658,1.0,0.00016866788949057744,0.0,293.15,0.0,1.8215153458474757e-06,0.0,0.0,0.0,0.0,0.0,0.0,0.0,0.0,0.0,6.071717819491586e-07,0.0001597902013622862,7.51592632622768e-09,293.14999998096744,4.081424676958108e-07,1.5299674592017802e-06,2.284832640995294e-27,2.9498801336798753e-27,1.3706957813858497e-30,1.5463946965102894e-18,6.125644954809656e-37,5.3098669119375265e-11,1.0244017665882174e-11,3.500026927888276e-21,1.9670539975323018e-14,5.099663183876058e-07
1165,0.0001686681437362993,1.0,5066.25,0.35,293.15,2338.1,0.001,11  1,0.25  0.75,1.0,2857.457546735209,0,True,17.452244758605957,100678,7.705938331207628e-05,5297.84360801633,6.975123924394965e-12,0.0,7.151961371794842e-06,60.206451126287725,True,False,True,True,sin_impulse,NH3,-545478.8143625828,24959.52715454658,1.0,0.0001686681437362993,0.0,293.15,0.0,1.8215149500190371e-06,0.0,0.0,0.0,0.0,0.0,0.0,0.0,0.0,0.0,6.071716500063457e-07,0.00015979044657525498,-5.813728329042094e-09,293.1500000144361,4.0814162301260757e-07,1.5299676574181207e-06,2.2852038981323405e-27,2.9498677602440756e-27,1.3707144097986495e-30,1.546407447077869e-18,6.126523236481432e-37,5.309836661139322e-11,1.0243964237801992e-11,3.500006934976306e-21,1.9670395565115253e-14,5.099663845873395e-07
1165,0.00016866788949057744,1.0,5066.25,0.35,293.15,2338.1,0.001,11  1,0.25  0.75,1.0,2857.458210963764,0,True,17.522383451461792,100153,7.705933012966008e-05,5297.851492068794,6.975105273602958e-12,0.0,7.151965464706644e-06,60.20664656775164,True,False,True,True,sin_impulse,NH3,-545478.8143625828,24959.52715454658,1.0,0.00016866788949057744,0.0,293.15,0.0,1.8215153458474757e-06,0.0,0.0,0.0,0.0,0.0,0.0,0.0,0.0,0.0,6.071717819491586e-07,0.0001597901887961598,-1.5919263316809564e-09,293.15000000469075,4.0814250696497354e-07,1.5299674582828117e-06,2.284842775314506e-27,2.9498814544520892e-27,1.3706964424911486e-30,1.5463951723804562e-18,6.125671271607379e-37,5.3098662481512335e-11,1.02440158714293e-11,3.50002648816135e-21,1.9670543509177882e-14,5.099663180843981e-07
1165,0.00016866788949057744,1.0,5066.25,0.35,293.15,2338.1,0.001,11  1,0.25  0.75,1.0,2857.457546735209,0,True,17.91591715812683,99556,7.705934043862215e-05,5297.847913467419,6.975102650477572e-12,0.0,7.151951908344391e-06,60.206555089496064,True,False,True,True,sin_impulse,NH3,-545478.3903085733,24959.52715454658,1.0,0.00016866788949057744,0.0,293.15,0.0,1.8215153458474757e-06,0.0,0.0,0.0,0.0,0.0,0.0,0.0,0.0,0.0,6.071717819491586e-07,0.00015979019780927223,-7.060682874787442e-09,293.1500000183382,4.081422844100387e-07,1.52996760404857e-06,2.284830395250387e-27,2.9498778693168005e-27,1.3706966067190273e-30,1.5463956508715411e-18,6.1256379138170905e-37,5.3098668247452214e-11,1.0244018789650759e-11,3.500027213765968e-21,1.9670535738819367e-14,5.099663666695737e-07
1165,0.00016866788949057744,1.0,5066.25,0.35,293.15,2338.1,0.001,11  1,0.25  0.75,1.0,2857.457546735209,0,True,16.927414655685425,100555,7.705928388589343e-05,5297.845362684908,6.975098590180018e-12,0.0,7.151939203915626e-06,60.206483188058634,True,False,True,True,sin_impulse,NH3,-545478.8143625828,24959.55456240884,1.0,0.00016866788949057744,0.0,293.15,0.0,1.8215153458474757e-06,0.0,0.0,0.0,0.0,0.0,0.0,0.0,0.0,0.0,6.071717819491586e-07,0.00015979018973626504,-4.086070540370869e-09,293.15000000991273,4.081421086862601e-07,1.529967736862384e-06,2.2848191640548283e-27,2.9498746094048867e-27,1.3706967648219406e-30,1.5463960806711683e-18,6.12560723316796e-37,5.309867265457267e-11,1.0244021344200002e-11,3.500027884704379e-21,1.9670527195066747e-14,5.099664109381378e-07
1165,0.00017051990763792836,1.0,5066.25,0.35,293.15,2338.1,0.001,11  1,0.25  0.75,1.0,2857.230850081,0,True,18.04529595375061,99706,7.720892052358272e-05,5176.057228991089,6.9647206267679804e-12,0.0,6.929374655905408e-06,58.419809862099314,True,False,True,True,sin_impulse,NH3,-544109.9813624121,25124.889471816514,1.0,0.00017051990763792836,0.0,293.15,0.0,1.8186632996671039e-06,0.0,0.0,0.0,0.0,0.0,0.0,0.0,0.0,0.0,6.062210998890346e-07,0.0001618524008173851,7.92240572909389e-09,293.14999997967413,3.9215490693490895e-07,1.5384285495233483e-06,1.747455386970627e-26,2.7023575380096008e-27,1.701114427733827e-30,1.795513689084221e-18,3.9754980662733336e-36,4.936845073945873e-11,9.636987177691998e-12,3.269546162859546e-21,1.763646691286575e-14,5.127882301054345e-07
1165,0.00017051990763792836,1.0,5066.25,0.35,293.15,2338.1,0.001,11  1,0.25  0.75,1.0,2857.230850081,0,True,17.749159574508667,99706,7.720892052358272e-05,5176.057228991089,6.9647206267679804e-12,0.0,6.929374655905408e-06,58.419809862099314,True,False,True,True,sin_impulse,NH3,-544109.9813624121,25124.889471816514,1.0,0.00017051990763792836,0.0,293.15,0.0,1.8186632996671039e-06,0.0,0.0,0.0,0.0,0.0,0.0,0.0,0.0,0.0,6.062210998890346e-07,0.0001618524008173851,7.92240572909389e-09,293.14999997967413,3.9215490693490895e-07,1.5384285495233483e-06,1.747455386970627e-26,2.7023575380096008e-27,1.701114427733827e-30,1.795513689084221e-18,3.9754980662733336e-36,4.936845073945873e-11,9.636987177691998e-12,3.269546162859546e-21,1.763646691286575e-14,5.127882301054345e-07
1165,0.00017052016188365022,1.0,5066.25,0.35,293.15,2338.1,0.001,11  1,0.25  0.75,1.0,2857.230850081,0,True,17.768148183822632,99827,7.720897458824134e-05,5176.047996218955,6.96471904576096e-12,0.0,6.929371607098611e-06,58.41979741980175,True,False,True,True,sin_impulse,NH3,-544109.9813624121,25124.889471816514,1.0,0.00017052016188365022,0.0,293.15,0.0,1.8186629123901588e-06,0.0,0.0,0.0,0.0,0.0,0.0,0.0,0.0,0.0,6.062209707967197e-07,0.0001618526606630448,6.880092366427263e-09,293.1499999826553,3.9215292916809794e-07,1.538429598662196e-06,1.748004526226076e-26,2.70232621190148e-27,1.7011695824035514e-30,1.7955532150148794e-18,3.976678444254255e-36,4.9367900417726244e-11,9.636893441710154e-12,3.2695113439188836e-21,1.7636178769996062e-14,5.127885800488289e-07
1165,0.00017051990763792836,1.0,5066.25,0.35,293.15,2338.1,0.001,11  1,0.25  0.75,1.0,2857.231514309555,0,True,18.47015905380249,100000,7.720892058526455e-05,5176.057478152064,6.96472042542055e-12,0.0,6.929374723879518e-06,58.4198121240665,True,False,True,True,sin_impulse,NH3,-544109.9813624121,25124.889471816514,1.0,0.00017051990763792836,0.0,293.15,0.0,1.8186632996671039e-06,0.0,0.0,0.0,0.0,0.0,0.0,0.0,0.0,0.0,6.062210998890346e-07,0.00016185238990492254,-4.521804766897596e-09,293.15000001212775,3.921549749178353e-07,1.53842852495292e-06,1.7474674139142674e-26,2.702358588961366e-27,1.701114692604505e-30,1.7955135454764574e-18,3.975525070511918e-36,4.936844406548009e-11,9.636984752637636e-12,3.269545448569741e-21,1.7636466385091053e-14,5.127882219186812e-07
1165,0.00017051990763792836,1.0,5066.25,0.35,293.15,2338.1,0.001,11  1,0.25  0.75,1.0,2857.230850081,0,True,17.920047283172607,99850,7.720893118522288e-05,5176.053258697297,6.964709431655804e-12,0.0,6.9293618330172185e-06,58.41979565971276,True,False,True,True,sin_impulse,NH3,-544109.5573084026,25124.889471816514,1.0,0.00017051990763792836,0.0,293.15,0.0,1.8186632996671039e-06,0.0,0.0,0.0,0.0,0.0,0.0,0.0,0.0,0.0,6.062210998890346e-07,0.00016185240997942154,3.3266998849202266e-09,293.14999999202746,3.9215420998752935e-07,1.5384290656119237e-06,1.7475695203485902e-26,2.7023461907686115e-27,1.7011294701101684e-30,1.7955256513685684e-18,3.975740301034118e-36,4.936833222601003e-11,9.636969398930567e-12,3.2695393380469283e-21,1.7636391189538733e-14,5.12788402183351e-07
1165,0.00017051990763792836,1.0,5066.25,0.35,293.15,2338.1,0.001,11  1,0.25  0.75,1.0,2857.230850081,0,True,18.203017950057983,99839,7.720887547726514e-05,5176.049647135868,6.96469916606488e-12,0.0,6.929349958509852e-06,58.41978165605578,True,False,True,True,sin_impulse,NH3,-544109.9813624121,25124.916879678774,1.0,0.00017051990763792836,0.0,293.15,0.0,1.8186632996671039e-06,0.0,0.0,0.0,0.0,0.0,0.0,0.0,0.0,0.0,6.062210998890346e-07,0.00016185242132744644,7.460399011117238e-09,293.1499999806207,3.921535494885496e-07,1.538429529262062e-06,1.7476708272043185e-26,2.7023358555745528e-27,1.701143632850247e-30,1.7955371237006405e-18,3.975955328344443e-36,4.9368220949666034e-11,9.636953645064348e-12,3.2695332807018287e-21,1.763632408311341e-14,5.127885567784076e-07
1165,0.00017144983073300832,1.0,5066.25,0.35,293.15,2338.1,0.001,11  1,0.25  0.75,1.0,2856.7891813641186,0,True,18.309908151626587,99882,7.708524979139925e-05,5064.449567044385,6.5834873567834674e-12,0.0,6.6713060549676065e-06,59.501053515224136,True,False,True,True,sin_impulse,NH3,-542339.56547096,25352.14273673866,1.0,0.00017144983073300832,0.0,293.15,0.0,1.817254485535761e-06,0.0,0.0,0.0,0.0,0.0,0.0,0.0,0.0,0.0,6.057514951785871e-07,0.00016336993808454666,-7.525157521507025e-09,293.15000001937875,3.6045492450854285e-07,1.5596652719586592e-06,7.259893725457783e-25,2.1934056439814843e-27,2.7733120400659453e-30,2.5711297492780658e-18,1.3252773169141477e-34,4.279767194223317e-11,8.581539306184446e-12,2.8725873095677056e-21,1.3770878049434919e-14,5.198698581440504e-07
1165,0.00017098486918546834,1.0,5066.25,0.35,293.15,2338.1,0.001,11  1,0.25  0.75,1.0,2857.0100157225593,0,True,18.387558460235596,99903,7.714526513105214e-05,5120.504893959841,6.8187844810290415e-12,0.0,6.797401895995916e-06,58.533673468342236,True,False,True,True,sin_impulse,NH3,-543224.773416686,25238.516104277587,1.0,0.00017098486918546834,0.0,293.15,0.0,1.817956977097441e-06,0.0,0.0,0.0,0.0,0.0,0.0,0.0,0.0,0.0,6.059856590324803e-07,0.000162555204619287,-3.3083790111091347e-09,293.15000000789706,3.789794991217489e-07,1.5471284947968244e-06,8.111187456742568e-26,2.4908481564331346e-27,2.063139784050215e-30,2.0676085933358835e-18,1.6882509438949273e-35,4.6635564605549605e-11,9.201841236206462e-12,3.105544314020116e-21,1.604877227639682e-14,5.156893414565842e-07
1165,0.0001709851234311902,1.0,5066.25,0.35,293.15,2338.1,0.001,11  1,0.25  0.75,1.0,2857.0100157225593,0,True,18.663580417633057,99156,7.714531958065902e-05,5120.496103983394,6.818773263075265e-12,0.0,6.79739938053967e-06,58.533748104344916,True,False,True,True,sin_impulse,NH3,-543224.773416686,25238.516104277587,1.0,0.0001709851234311902,0.0,293.15,0.0,1.817956591923886e-06,0.0,0.0,0.0,0.0,0.0,0.0,0.0,0.0,0.0,6.059855306412953e-07,0.00016255551218781957,-7.594024392150357e-09,293.1500000192493,3.789767244674579e-07,1.5471300666412918e-06,8.114484229387748e-26,2.490802596001531e-27,2.0632355375059492e-30,2.0676757261509592e-18,1.688900701692612e-35,4.663486096082501e-11,9.201722292019187e-12,3.105499914432796e-21,1.60483838054453e-14,5.156898656989918e-07
1165,0.00017098486918546834,1.0,5066.25,0.35,293.15,2338.1,0.001,11  1,0.25  0.75,1.0,2857.0106799511145,0,True,19.67717695236206,99630,7.714526517924662e-05,5120.505502716124,6.8187862709235725e-12,0.0,6.7974019933679234e-06,58.5336589420574,True,False,True,True,sin_impulse,NH3,-543224.773416686,25238.516104277587,1.0,0.00017098486918546834,0.0,293.15,0.0,1.817956977097441e-06,0.0,0.0,0.0,0.0,0.0,0.0,0.0,0.0,0.0,6.059856590324803e-07,0.00016255520615259244,-7.445082499957585e-09,293.1500000192738,3.789795878776452e-07,1.5471284381267477e-06,8.111151975497447e-26,2.490849608640047e-27,2.0631380776281972e-30,2.0676071805055085e-18,1.6882442416519596e-35,4.663557394294996e-11,9.201842222472518e-12,3.105544740259131e-21,1.6048779708698366e-14,5.15689322562914e-07
1165,0.00017098486918546834,1.0,5066.25,0.35,293.15,2338.1,0.001,11  1,0.25  0.75,1.0,2857.0100157225593,0,True,17.985015392303467,99255,7.714527592128305e-05,5120.500943315372,6.81876805840871e-12,0.0,6.797389538024811e-06,58.53370802640072,True,False,True,True,sin_impulse,NH3,-543224.3493626765,25238.516104277587,1.0,0.00017098486918546834,0.0,293.15,0.0,1.817956977097441e-06,0.0,0.0,0.0,0.0,0.0,0.0,0.0,0.0,0.0,6.059856590324803e-07,0.00016255522504350436,-5.0440431969302245e-09,293.15000001340076,3.7897844352304627e-07,1.547129269254173e-06,8.112047163651791e-26,2.490831391535639e-27,2.0631710969148276e-30,2.0676323912137385e-18,1.6884191210147825e-35,4.6635374481251055e-11,9.201812096017237e-12,3.10553326749924e-21,1.6048656531404853e-14,5.156895996870268e-07
1165,0.00017098486918546834,1.0,5066.25,0.35,293.15,2338.1,0.001,11  1,0.25  0.75,1.0,2857.0100157225593,0,True,18.55759882926941,99394,7.714522079553414e-05,5120.49769643475,6.818754231472834e-12,0.0,6.79737817856023e-06,58.533728901038685,True,False,True,True,sin_impulse,NH3,-543224.773416686,25238.543512139848,1.0,0.00017098486918546834,0.0,293.15,0.0,1.817956977097441e-06,0.0,0.0,0.0,0.0,0.0,0.0,0.0,0.0,0.0,6.059856590324803e-07,0.00016255525606608765,-7.709020556630535e-09,293.15000001960084,3.7897745806354e-07,1.547129946466464e-06,8.112872616860984e-26,2.4908152039744786e-27,2.0632003110680303e-30,2.0676544499054933e-18,1.6885804067329117e-35,4.663519225238472e-11,9.20178399809283e-12,3.105522552904368e-21,1.6048543432974867e-14,5.156898254993234e-07
1165,0.00017003837165269133,1.0,5066.25,0.35,293.15,2338.1,0.001,11  1,0.25  0.75,1.0,2857.491286573255,0,True,18.790313720703125,100214,7.704838212766986e-05,5181.6923787232145,6.930904151605503e-12,0.0,6.896645728343708e-06,58.42756950394713,True,False,True,True,sin_impulse,NH3,-543955.7239205954,25162.735401491,1.0,0.00017003837165269133,0.0,293.15,0.0,1.8193988722551117e-06,0.0,0.0,0.0,0.0,0.0,0.0,0.0,0.0,0.0,6.064662907517039e-07,0.00016136500492800458,4.378350968649641e-09,293.14999998930665,3.9379773777566835e-07,1.5380226100737194e-06,1.1837473753852316e-26,2.727429681317558e-27,1.644626411394113e-30,1.7581461104399657e-18,2.7475469713404134e-36,5.003808417501714e-11,9.757963707519792e-12,3.314036920353294e-21,1.794887110311731e-14,5.126526330478563e-07
1165,0.00017003837165269133,1.0,5066.25,0.35,293.15,2338.1,0.001,11  1,0.25  0.75,1.0,2857.491286573255,0,True,18.845726013183594,100214,7.704838212766986e-05,5181.6923787232145,6.930904151605503e-12,0.0,6.896645728343708e-06,58.42756950394713,True,False,True,True,sin_impulse,NH3,-543955.7239205954,25162.735401491,1.0,0.00017003837165269133,0.0,293.15,0.0,1.8193988722551117e-06,0.0,0.0,0.0,0.0,0.0,0.0,0.0,0.0,0.0,6.064662907517039e-07,0.00016136500492800458,4.378350968649641e-09,293.14999998930665,3.9379773777566835e-07,1.5380226100737194e-06,1.1837473753852316e-26,2.727429681317558e-27,1.644626411394113e-30,1.7581461104399657e-18,2.7475469713404134e-36,5.003808417501714e-11,9.757963707519792e-12,3.314036920353294e-21,1.794887110311731e-14,5.126526330478563e-07
1165,0.0001700386258984132,1.0,5066.25,0.35,293.15,2338.1,0.001,11  1,0.25  0.75,1.0,2857.491286573255,0,True,19.048120737075806,100324,7.704843616062553e-05,5181.683329701734,6.9309040595853e-12,0.0,6.896642592179059e-06,58.42754371046059,True,False,True,True,sin_impulse,NH3,-543955.7239205954,25162.735401491,1.0,0.0001700386258984132,0.0,293.15,0.0,1.8193984827815837e-06,0.0,0.0,0.0,0.0,0.0,0.0,0.0,0.0,0.0,6.064661609271944e-07,0.0001613652672278637,5.24826155411283e-10,293.149999998035,3.9379581219125575e-07,1.5380235900665975e-06,1.1841028778758768e-26,2.727401720095601e-27,1.6446776145796465e-30,1.7581834870640844e-18,2.7483248720996797e-36,5.0037551504195946e-11,9.75787357212939e-12,3.3140036063875832e-21,1.7948608175025853e-14,5.126529599349821e-07
1165,0.00017003837165269133,1.0,5066.25,0.35,293.15,2338.1,0.001,11  1,0.25  0.75,1.0,2857.49195080181,0,True,17.483850479125977,100187,7.70483822152884e-05,5181.692698006293,6.9309061327070625e-12,0.0,6.896645742485191e-06,58.42755292305713,True,False,True,True,sin_impulse,NH3,-543955.7239205954,25162.735401491,1.0,0.00017003837165269133,0.0,293.15,0.0,1.8193988722551117e-06,0.0,0.0,0.0,0.0,0.0,0.0,0.0,0.0,0.0,6.064662907517039e-07,0.00016136501191573298,7.96315375894976e-09,293.1499999796257,3.9379779917831563e-07,1.5380225442729165e-06,1.18374560311994e-26,2.727432333089497e-27,1.6446258921226832e-30,1.7581455873381397e-18,2.7475448587261744e-36,5.003808586812504e-11,9.757963467550767e-12,3.314037071470356e-21,1.7948885374957942e-14,5.126526111137848e-07
1165,0.00017003837165269133,1.0,5066.25,0.35,293.15,2338.1,0.001,11  1,0.25  0.75,1.0,2857.491286573255,0,True,17.821431398391724,99578,7.704839274603034e-05,5181.688263187206,6.930894039898141e-12,0.0,6.896632947643336e-06,58.42754646908918,True,False,True,True,sin_impulse,NH3,-543955.2998665859,25162.735401491,1.0,0.00017003837165269133,0.0,293.15,0.0,1.8193988722551117e-06,0.0,0.0,0.0,0.0,0.0,0.0,0.0,0.0,0.0,6.064662907517039e-07,0.00016136501844127375,3.3693448227025263e-09,293.1499999919446,3.937970643183101e-07,1.5380230930230145e-06,1.1838134439699219e-26,2.7274203651837206e-27,1.6446399164805153e-30,1.7581572650068528e-18,2.7476901878274615e-36,5.0037975489317874e-11,9.757948552206005e-12,3.3140311755800978e-21,1.794881211916435e-14,5.126527940748198e-07
1165,0.00017003837165269133,1.0,5066.25,0.35,293.15,2338.1,0.001,11  1,0.25  0.75,1.0,2857.491286573255,0,True,17.492187976837158,99673,7.704833722313991e-05,5181.684838775151,6.93088521232773e-12,0.0,6.896621152370144e-06,58.427520957305376,True,False,True,True,sin_impulse,NH3,-543955.7239205954,25162.762809353262,1.0,0.00017003837165269133,0.0,293.15,0.0,1.8193988722551117e-06,0.0,0.0,0.0,0.0,0.0,0.0,0.0,0.0,0.0,6.064662907517039e-07,0.0001613650365200439,7.380632781949006e-09,293.1499999808622,3.937964303978411e-07,1.538023525060512e-06,1.1838830692401902e-26,2.7274119381920018e-27,1.6446531608726093e-30,1.7581680802982546e-18,2.7478419390122195e-36,5.0037869435568185e-11,9.757932737612726e-12,3.3140252640545334e-21,1.7948756077993313e-14,5.126529381306297e-07
1165,0.00017056836426186905,1.0,5066.25,0.35,293.15,2338.1,0.001,11  1,0.25  0.75,1.0,2858.381371587917,0,True,17.795114517211914,99345,7.700637145974091e-05,5126.858250393153,6.802980856718421e-12,0.0,6.7725587112764885e-06,58.455223587595675,True,False,True,True,sin_impulse,NH3,-543166.2953838299,25270.268080304886,1.0,0.00017056836426186905,0.0,293.15,0.0,1.8185895095169065e-06,0.0,0.0,0.0,0.0,0.0,0.0,0.0,0.0,0.0,6.061965031723022e-07,0.0001621171935195391,-5.606158949444343e-09,293.1500000138944,3.811741222920586e-07,1.5462182990970273e-06,5.412397887823626e-26,2.5268598539737772e-27,1.980984623949649e-30,2.012676886741893e-18,1.1491429939837823e-35,4.7331012259111124e-11,9.323360133490912e-12,3.150647062306498e-21,1.6404646553484054e-14,5.15385650077432e-07
1165,0.0001703033679572802,1.0,5066.25,0.35,293.15,2338.1,0.001,11  1,0.25  0.75,1.0,2857.936329080586,0,True,18.402533292770386,99891,7.702694185006866e-05,5154.33934945624,6.876683927306292e-12,0.0,6.833937783626002e-06,58.35280718895918,True,False,True,True,sin_impulse,NH3,-543561.0096522126,25216.501740897944,1.0,0.0001703033679572802,0.0,293.15,0.0,1.8189935611916663e-06,0.0,0.0,0.0,0.0,0.0,0.0,0.0,0.0,0.0,6.063311870638887e-07,0.00016172872656087668,-3.35531556823882e-09,293.1500000080235,3.8808687312196953e-07,1.54168913233544e-06,2.3403020963996466e-26,2.6373743909930027e-27,1.7853727396579367e-30,1.8659502449320813e-18,5.211400870395746e-36,4.8816236973017935e-11,9.562615897186825e-12,3.2404750286458052e-21,1.7255443974430885e-14,5.138753125536374e-07
1165,0.00017030362220300205,1.0,5066.25,0.35,293.15,2338.1,0.001,11  1,0.25  0.75,1.0,2857.936329080586,0,True,19.35290241241455,100702,7.702699606583857e-05,5154.330224450062,6.876678923187733e-12,0.0,6.8339348537520094e-06,58.35282463467729,True,False,True,True,sin_impulse,NH3,-543561.0096522126,25216.501740897944,1.0,0.00017030362220300205,0.0,293.15,0.0,1.8189931729292554e-06,0.0,0.0,0.0,0.0,0.0,0.0,0.0,0.0,0.0,6.063310576430851e-07,0.00016172900572856324,3.193132682620065e-09,293.1499999912468,3.880845810361407e-07,1.5416903789197675e-06,2.3411103340609839e-26,2.6373385264726373e-27,1.7854395392164283e-30,1.8659986554944976e-18,5.213104230331302e-36,4.8815629807509885e-11,9.56251394290147e-12,3.240437085983407e-21,1.7255125604168244e-14,5.138757283353499e-07
1165,0.0001703033679572802,1.0,5066.25,0.35,293.15,2338.1,0.001,11  1,0.25  0.75,1.0,2857.936993309141,0,True,17.797430992126465,99335,7.70269418909749e-05,5154.339622160982,6.876683918810046e-12,0.0,6.833937842419448e-06,58.352807763073365,True,False,True,True,sin_impulse,NH3,-543561.0096522126,25216.501740897944,1.0,0.0001703033679572802,0.0,293.15,0.0,1.8189935611916663e-06,0.0,0.0,0.0,0.0,0.0,0.0,0.0,0.0,0.0,6.063311870638887e-07,0.0001617287159274706,-7.495415669542115e-09,293.15000001937887,3.880869491907729e-07,1.5416891052931231e-06,2.3402934589477935e-26,2.6373757033810556e-27,1.7853717475822544e-30,1.865949419360864e-18,5.211383605314676e-36,4.881624593618031e-11,9.562616812469071e-12,3.2404754695631695e-21,1.7255450908932202e-14,5.138753035361061e-07
1165,0.0001703033679572802,1.0,5066.25,0.35,293.15,2338.1,0.001,11  1,0.25  0.75,1.0,2857.936329080586,0,True,18.504544973373413,99639,7.702695254414056e-05,5154.335370336016,6.876670888991884e-12,0.0,6.833925216724409e-06,58.35281052217044,True,False,True,True,sin_impulse,NH3,-543560.5855982031,25216.501740897944,1.0,0.0001703033679572802,0.0,293.15,0.0,1.8189935611916663e-06,0.0,0.0,0.0,0.0,0.0,0.0,0.0,0.0,0.0,6.063311870638887e-07,0.00016172874068059708,-3.250222401571228e-09,293.1500000077459,3.8808603565687187e-07,1.5416897364813794e-06,2.340483399331571e-26,2.637361736594553e-27,1.785392519817822e-30,1.8659660923387828e-18,5.2117796982094353e-36,4.88160929906105e-11,9.562594915120549e-12,3.240467054433787e-21,1.7255359858480862e-14,5.138755139941731e-07
1165,0.0001703033679572802,1.0,5066.25,0.35,293.15,2338.1,0.001,11  1,0.25  0.75,1.0,2857.936329080586,0,True,18.45520830154419,99807,7.702689725629172e-05,5154.331851306742,6.876660060211615e-12,0.0,6.833913642025257e-06,58.352803578226876,True,False,True,True,sin_impulse,NH3,-543561.0096522126,25216.529148760204,1.0,0.0001703033679572802,0.0,293.15,0.0,1.8189935611916663e-06,0.0,0.0,0.0,0.0,0.0,0.0,0.0,0.0,0.0,6.063311870638887e-07,0.00016172876449174585,7.96550232873992e-09,293.14999997964134,3.8808525312075287e-07,1.5416902929929273e-06,2.3406776667338008e-26,2.637348795121231e-27,1.785412010112519e-30,1.8659812724319557e-18,5.212185034155319e-36,4.8815946105775364e-11,9.562571771066418e-12,3.240458237136225e-21,1.7255267659507382e-14,5.138756995585697e-07
1165,0.00016969186783088671,1.0,5066.25,0.35,293.15,2338.1,0.001,11  1,0.25  0.75,1.0,2857.8837552206755,0,True,19.020660161972046,100176,7.686963936778972e-05,5174.253683623812,6.875366148210965e-12,0.0,6.834882462812878e-06,58.37205934118547,True,False,True,True,sin_impulse,NH3,-543755.8765448031,25230.145200252187,1.0,0.00016969186783088671,0.0,293.15,0.0,1.8199307586437835e-06,0.0,0.0,0.0,0.0,0.0,0.0,0.0,0.0,0.0,6.066435862145946e-07,0.00016105557290989615,-6.869918770799595e-09,293.15000001723865,3.9289812029199374e-07,1.5392245826279168e-06,1.083552337748278e-26,2.7126490125198126e-27,1.6482380772834983e-30,1.766895946590786e-18,2.519072974510262e-36,5.0165808570595736e-11,9.792685324075355e-12,3.326001048710462e-21,1.795506417208057e-14,5.130532306262293e-07
1165,0.00016999761789408347,1.0,5066.25,0.35,293.15,2338.1,0.001,11  1,0.25  0.75,1.0,2857.910042150631,0,True,19.208995819091797,100231,7.694824607739271e-05,5164.299538548475,6.877223141464846e-12,0.0,6.834357132655557e-06,58.35181239701279,True,False,True,True,sin_impulse,NH3,-543658.4430985079,25223.323470575066,1.0,0.00016999761789408347,0.0,293.15,0.0,1.8194613171171502e-06,0.0,0.0,0.0,0.0,0.0,0.0,0.0,0.0,0.0,6.064871057057167e-07,0.00016139066131175305,4.059455688792029e-09,293.1499999890784,3.905613858629366e-07,1.5404065191573312e-06,1.5788083974500184e-26,2.6763129750695205e-27,1.7133150371546327e-30,1.8141025485644172e-18,3.591691651270388e-36,4.9504458904993065e-11,9.679851937586611e-12,3.2840568110188423e-21,1.7614104981569688e-14,5.134474865631783e-07
1165,0.00016999787213980533,1.0,5066.25,0.35,293.15,2338.1,0.001,11  1,0.25  0.75,1.0,2857.910042150631,0,True,17.993895053863525,99784,7.694830018346386e-05,5164.290680675528,6.8772204203355555e-12,0.0,6.834354104703561e-06,58.35180963254384,True,False,True,True,sin_impulse,NH3,-543658.4430985079,25223.323470575066,1.0,0.00016999787213980533,0.0,293.15,0.0,1.8194609274568618e-06,0.0,0.0,0.0,0.0,0.0,0.0,0.0,0.0,0.0,6.064869758189539e-07,0.0001613909377609569,-6.638877753973016e-09,293.15000001732733,3.905592243355467e-07,1.5404076844224128e-06,1.5793284131974247e-26,2.6762788962600406e-27,1.713374939544736e-30,1.8141462617978204e-18,3.592807492091011e-36,4.9503879631545697e-11,9.679754077334246e-12,3.284020318798158e-21,1.761379891117236e-14,5.13447875227134e-07
1165,0.00016999761789408347,1.0,5066.25,0.35,293.15,2338.1,0.001,11  1,0.25  0.75,1.0,2857.910706379186,0,True,18.3256356716156,100572,7.694824610325916e-05,5164.299923314841,6.8772236892935555e-12,0.0,6.834357143847782e-06,58.35180784435948,True,False,True,True,sin_impulse,NH3,-543658.4430985079,25223.323470575066,1.0,0.00016999761789408347,0.0,293.15,0.0,1.8194613171171502e-06,0.0,0.0,0.0,0.0,0.0,0.0,0.0,0.0,0.0,6.064871057057167e-07,0.00016139065582109632,-7.878696363583317e-09,293.15000002008924,3.9056145683620227e-07,1.5404064825838176e-06,1.5788088295081227e-26,2.6763141423316546e-27,1.7133143261340838e-30,1.814101746687135e-18,3.591693287214654e-36,4.950446125962957e-11,9.679851446291409e-12,3.2840567444607825e-21,1.7614108659431483e-14,5.134474743714851e-07
1165,0.00016999761789408347,1.0,5066.25,0.35,293.15,2338.1,0.001,11  1,0.25  0.75,1.0,2857.910042150631,0,True,17.607664108276367,99751,7.694825670833098e-05,5164.2960267430635,6.877210608016327e-12,0.0,6.834344490165926e-06,58.35181079901364,True,False,True,True,sin_impulse,NH3,-543658.0190444984,25223.323470575066,1.0,0.00016999761789408347,0.0,293.15,0.0,1.8194613171171502e-06,0.0,0.0,0.0,0.0,0.0,0.0,0.0,0.0,0.0,6.064871057057167e-07,0.00016139067025761726,-5.602384965596108e-09,293.15000001389376,3.9056060913513623e-07,1.5404070879734508e-06,1.578917398723956e-26,2.67630030801745e-27,1.7133318381022234e-30,1.8141161627541975e-18,3.591922211219653e-36,4.9504330455186436e-11,9.679833234331016e-12,3.2840495733498247e-21,1.76140220535066e-14,5.134476762207831e-07
1165,0.00016999761789408347,1.0,5066.25,0.35,293.15,2338.1,0.001,11  1,0.25  0.75,1.0,2857.910042150631,0,True,18.366669178009033,99900,7.694820141618605e-05,5164.292488600613,6.877200602590181e-12,0.0,6.83433291804888e-06,58.35179689007611,True,False,True,True,sin_impulse,NH3,-543658.4430985079,25223.350878437326,1.0,0.00016999761789408347,0.0,293.15,0.0,1.8194613171171502e-06,0.0,0.0,0.0,0.0,0.0,0.0,0.0,0.0,0.0,6.064871057057167e-07,0.00016139069194722852,-5.028989309562531e-09,293.1500000123749,3.905598834570639e-07,1.5404075945973155e-06,1.579021580575241e-26,2.676289290239632e-27,1.7133478884063612e-30,1.8141291991401158e-18,3.592143705962259e-36,4.9504207307667524e-11,9.67981529847762e-12,3.28404269880673e-21,1.7613949099702e-14,5.134478451454603e-07
1165,0.0001700509489719878,1.0,5066.25,0.35,293.15,2338.1,0.001,11  1,0.25  0.75,1.0,2858.1394969325233,0,True,17.794644117355347,99704,7.69085114052777e-05,5153.311910627139,6.847598028469561e-12,0.0,6.803882720405484e-06,58.342946296262056,True,False,True,True,sin_impulse,NH3,-543607.0253910291,25255.572464288172,1.0,0.0001700509489719878,0.0,293.15,0.0,1.8193796067276414e-06,0.0,0.0,0.0,0.0,0.0,0.0,0.0,0.0,0.0,6.064598689092139e-07,0.00016148846998964542,4.988194423887479e-09,293.14999998675273,3.88172790202694e-07,1.5420320146030372e-06,2.0548647223226654e-26,2.6386241081468753e-27,1.7719317175246315e-30,1.8597836646128233e-18,4.599247044875237e-36,4.90297193835862e-11,9.605447068840867e-12,3.255960156168753e-21,1.7336994482749644e-14,5.139895140120833e-07
1165,0.0001700509489719878,1.0,5066.25,0.35,293.15,2338.1,0.001,11  1,0.25  0.75,1.0,2858.1394969325233,0,True,17.64048171043396,99704,7.69085114052777e-05,5153.311910627139,6.847598028469561e-12,0.0,6.803882720405484e-06,58.342946296262056,True,False,True,True,sin_impulse,NH3,-543607.0253910291,25255.572464288172,1.0,0.0001700509489719878,0.0,293.15,0.0,1.8193796067276414e-06,0.0,0.0,0.0,0.0,0.0,0.0,0.0,0.0,0.0,6.064598689092139e-07,0.00016148846998964542,4.988194423887479e-09,293.14999998675273,3.88172790202694e-07,1.5420320146030372e-06,2.0548647223226654e-26,2.6386241081468753e-27,1.7719317175246315e-30,1.8597836646128233e-18,4.599247044875237e-36,4.90297193835862e-11,9.605447068840867e-12,3.255960156168753e-21,1.7336994482749644e-14,5.139895140120833e-07
1165,0.00017005120321770967,1.0,5066.25,0.35,293.15,2338.1,0.001,11  1,0.25  0.75,1.0,2858.1394969325233,0,True,17.998085975646973,99865,7.69085656656512e-05,5153.303179052087,6.847593945447972e-12,0.0,6.8038798279796656e-06,58.3429562820499,True,False,True,True,sin_impulse,NH3,-543607.0253910291,25255.572464288172,1.0,0.00017005120321770967,0.0,293.15,0.0,1.8193792173117238e-06,0.0,0.0,0.0,0.0,0.0,0.0,0.0,0.0,0.0,6.064597391039079e-07,0.00016148875914565738,-2.2903446464799147e-09,293.15000000646074,3.881704736065797e-07,1.5420332787580829e-06,2.0555901724104975e-26,2.63858736808708e-27,1.7719988538312573e-30,1.8598323593909677e-18,4.6007817996046206e-36,4.9029098323985495e-11,9.605342508731931e-12,3.2559211828727865e-21,1.7336666280418957e-14,5.139899356565975e-07
1165,0.0001700509489719878,1.0,5066.25,0.35,293.15,2338.1,0.001,11  1,0.25  0.75,1.0,2858.1401611610786,0,True,19.226572036743164,99354,7.690851149070784e-05,5153.312553890643,6.8475995673997205e-12,0.0,6.803882784476845e-06,58.34293373367144,True,False,True,True,sin_impulse,NH3,-543607.0253910291,25255.572464288172,1.0,0.0001700509489719878,0.0,293.15,0.0,1.8193796067276414e-06,0.0,0.0,0.0,0.0,0.0,0.0,0.0,0.0,0.0,6.064598689092139e-07,0.00016148847130518511,7.894496891779543e-09,293.14999997985035,3.8817286795413993e-07,1.5420319625319362e-06,2.0548672793848925e-26,2.638625509713156e-27,1.7719307260646525e-30,1.8597826507953315e-18,4.599253985183191e-36,4.9029721072920015e-11,9.605446883081092e-12,3.255960188841847e-21,1.7336999931704928e-14,5.139894966545716e-07
1165,0.0001700509489719878,1.0,5066.25,0.35,293.15,2338.1,0.001,11  1,0.25  0.75,1.0,2858.1394969325233,0,True,19.214451551437378,100561,7.690852211848017e-05,5153.308457107851,6.847585095284348e-12,0.0,6.803870199978671e-06,58.342949127651096,True,False,True,True,sin_impulse,NH3,-543606.6013370196,25255.572464288172,1.0,0.0001700509489719878,0.0,293.15,0.0,1.8193796067276414e-06,0.0,0.0,0.0,0.0,0.0,0.0,0.0,0.0,0.0,6.064598689092139e-07,0.00016148848448458244,-4.2732155568144527e-10,293.1500000017231,3.8817195252853633e-07,1.5420326362224794e-06,2.0550467070574942e-26,2.6386098642774384e-27,1.771952067354623e-30,1.8597995698071737e-18,4.599627847502823e-36,4.9029559467609894e-11,9.605422774815807e-12,3.255950867437783e-21,1.7336893803307863e-14,5.13989721284121e-07
1165,0.0001700509489719878,1.0,5066.25,0.35,293.15,2338.1,0.001,11  1,0.25  0.75,1.0,2858.1394969325233,0,True,17.06331992149353,99771,7.690846697757738e-05,5153.304628636389,6.847574061414101e-12,0.0,6.8038587013814115e-06,58.34294453860454,True,False,True,True,sin_impulse,NH3,-543607.0253910291,25255.599872150433,1.0,0.0001700509489719878,0.0,293.15,0.0,1.8193796067276414e-06,0.0,0.0,0.0,0.0,0.0,0.0,0.0,0.0,0.0,6.064598689092139e-07,0.0001614885074982061,7.810204274226075e-09,293.1499999798933,3.881711610927495e-07,1.5420331786240923e-06,2.055193775458127e-26,2.6385983524132784e-27,1.771970761391977e-30,1.8598146760769274e-18,4.5999366446452884e-36,4.902942597956431e-11,9.605402836759939e-12,3.2559433071311855e-21,1.733681695127586e-14,5.139899021391167e-07
1165,0.00016985732459056234,1.0,5066.25,0.35,293.15,2338.1,0.001,11  1,0.25  0.75,1.0,2858.7758832068985,0,True,17.421529531478882,99792,7.685903697601702e-05,5160.338290407684,6.850910720250756e-12,0.0,6.805640670356129e-06,58.329802169330314,True,False,True,True,sin_impulse,NH3,-543698.5936116906,25259.24641624637,1.0,0.00016985732459056234,0.0,293.15,0.0,1.8196765103656508e-06,0.0,0.0,0.0,0.0,0.0,0.0,0.0,0.0,0.0,6.065588367885502e-07,0.00016127049048963223,-5.304457238293744e-09,293.1500000140294,3.899374777159515e-07,1.5410789687179594e-06,1.5834867543577128e-26,2.666571541091862e-27,1.7227040410691826e-30,1.823711969714146e-18,3.596535884794686e-36,4.948926558849399e-11,9.682315459318916e-12,3.2847043667326785e-21,1.7582023027594662e-14,5.136716402707821e-07
1165,0.00016985732459056234,1.0,5066.25,0.35,293.15,2338.1,0.001,11  1,0.25  0.75,1.0,2858.7758832068985,0,True,18.257562160491943,99792,7.685903697601702e-05,5160.338290407684,6.850910720250756e-12,0.0,6.805640670356129e-06,58.329802169330314,True,False,True,True,sin_impulse,NH3,-543698.5936116906,25259.24641624637,1.0,0.00016985732459056234,0.0,293.15,0.0,1.8196765103656508e-06,0.0,0.0,0.0,0.0,0.0,0.0,0.0,0.0,0.0,6.065588367885502e-07,0.00016127049048963223,-5.304457238293744e-09,293.1500000140294,3.899374777159515e-07,1.5410789687179594e-06,1.5834867543577128e-26,2.666571541091862e-27,1.7227040410691826e-30,1.823711969714146e-18,3.596535884794686e-36,4.948926558849399e-11,9.682315459318916e-12,3.2847043667326785e-21,1.7582023027594662e-14,5.136716402707821e-07
1165,0.0001698575788362842,1.0,5066.25,0.35,293.15,2338.1,0.001,11  1,0.25  0.75,1.0,2858.7758832068985,0,True,18.14430856704712,100388,7.685909110502e-05,5160.329084497264,6.850908136883782e-12,0.0,6.805637737421563e-06,58.3297990269456,True,False,True,True,sin_impulse,NH3,-543698.5936116906,25259.24641624637,1.0,0.0001698575788362842,0.0,293.15,0.0,1.819676120061419e-06,0.0,0.0,0.0,0.0,0.0,0.0,0.0,0.0,0.0,6.065587066871396e-07,0.00016127077755895584,-4.231155157436924e-09,293.1500000113406,3.899352483619942e-07,1.5410801531621463e-06,1.5840376222558347e-26,2.6665356072185122e-27,1.7227672808287876e-30,1.823757971131173e-18,3.597715520107274e-36,4.9488656075757053e-11,9.682211698072176e-12,3.284665665324903e-21,1.7581697007205417e-14,5.136720353408024e-07
1165,0.00016985732459056234,1.0,5066.25,0.35,293.15,2338.1,0.001,11  1,0.25  0.75,1.0,2858.7765474354537,0,True,18.641493797302246,99543,7.685903703457844e-05,5160.338727747612,6.850911961793038e-12,0.0,6.805640711754093e-06,58.32979195344685,True,False,True,True,sin_impulse,NH3,-543698.5936116906,25259.24641624637,1.0,0.00016985732459056234,0.0,293.15,0.0,1.8196765103656508e-06,0.0,0.0,0.0,0.0,0.0,0.0,0.0,0.0,0.0,6.065588367885502e-07,0.0001612704903412637,4.754054727982185e-09,293.14999998835594,3.8993754945779866e-07,1.5410789159453004e-06,1.5834924469399228e-26,2.666572627910197e-27,1.72270393114475e-30,1.823711550806316e-18,3.5965487704948893e-36,4.9489260513401306e-11,9.682313521565158e-12,3.2847037805199355e-21,1.7582023535071438e-14,5.136716226825868e-07
1165,0.00016985732459056234,1.0,5066.25,0.35,293.15,2338.1,0.001,11  1,0.25  0.75,1.0,2858.7758832068985,0,True,18.22905421257019,99887,7.68590476076316e-05,5160.334645575924,6.8509006015015264e-12,0.0,6.80562808864142e-06,58.32978048663319,True,False,True,True,sin_impulse,NH3,-543698.1695576811,25259.24641624637,1.0,0.00016985732459056234,0.0,293.15,0.0,1.8196765103656508e-06,0.0,0.0,0.0,0.0,0.0,0.0,0.0,0.0,0.0,6.065588367885502e-07,0.00016127052355814246,-7.89994857259638e-09,293.1500000202121,3.899366619113509e-07,1.5410795171624729e-06,1.5836184396107738e-26,2.6665582663534212e-27,1.7227229758855688e-30,1.8237269348556196e-18,3.596815014432067e-36,4.9489112662474057e-11,9.682291935373271e-12,3.2846953617350434e-21,1.758192902553144e-14,5.136718231484077e-07
1165,0.00016985732459056234,1.0,5066.25,0.35,293.15,2338.1,0.001,11  1,0.25  0.75,1.0,2858.7758832068985,0,True,18.426673650741577,99795,7.68589925062652e-05,5160.330819397713,6.850887657039479e-12,0.0,6.805616649861279e-06,58.32979265842714,True,False,True,True,sin_impulse,NH3,-543698.5936116906,25259.27382410863,1.0,0.00016985732459056234,0.0,293.15,0.0,1.8196765103656508e-06,0.0,0.0,0.0,0.0,0.0,0.0,0.0,0.0,0.0,6.065588367885502e-07,0.00016127052417998978,-5.022487656728638e-09,293.15000001327735,3.8993592063324356e-07,1.5410800797083554e-06,1.5837333356503255e-26,2.666546387371063e-27,1.7227404246256342e-30,1.8237409826760396e-18,3.597058641385739e-36,4.948898027779039e-11,9.682271983008076e-12,3.2846877923945865e-21,1.758184738327207e-14,5.136720107179117e-07
1165,0.00016989576819172902,1.0,5066.25,0.35,293.15,2338.1,0.001,11  1,0.25  0.75,1.0,2859.102399252233,0,True,18.232878923416138,100249,7.685804030603858e-05,5151.707337985378,6.8267471427590234e-12,0.0,6.781189978073806e-06,58.325959309316985,True,False,True,True,sin_impulse,NH3,-543256.1626282769,25271.789605621827,1.0,0.00016989576819172902,0.0,293.15,0.0,1.8196175071016304e-06,0.0,0.0,0.0,0.0,0.0,0.0,0.0,0.0,0.0,6.065391690338768e-07,0.00016134473697836728,7.155278416744731e-10,293.1499999987951,3.8802597399423136e-07,1.5423864310243885e-06,1.958787846802406e-26,2.6364844153160846e-27,1.770124276066505e-30,1.8606898205168772e-18,4.390967479826674e-36,4.9106764564966425e-11,9.62215098137587e-12,3.2620256203582304e-21,1.7359452647336822e-14,5.141076187705482e-07
1165,0.00016989576819172902,1.0,5066.25,0.35,293.15,2338.1,0.001,11  1,0.25  0.75,1.0,2859.102399252233,0,True,18.18944263458252,100249,7.685804030603858e-05,5151.707337985378,6.8267471427590234e-12,0.0,6.781189978073806e-06,58.325959309316985,True,False,True,True,sin_impulse,NH3,-543256.1626282769,25271.789605621827,1.0,0.00016989576819172902,0.0,293.15,0.0,1.8196175071016304e-06,0.0,0.0,0.0,0.0,0.0,0.0,0.0,0.0,0.0,6.065391690338768e-07,0.00016134473697836728,7.155278416744731e-10,293.1499999987951,3.8802597399423136e-07,1.5423864310243885e-06,1.958787846802406e-26,2.6364844153160846e-27,1.770124276066505e-30,1.8606898205168772e-18,4.390967479826674e-36,4.9106764564966425e-11,9.62215098137587e-12,3.2620256203582304e-21,1.7359452647336822e-14,5.141076187705482e-07
1165,0.00016989602243745088,1.0,5066.25,0.35,293.15,2338.1,0.001,11  1,0.25  0.75,1.0,2859.102399252233,0,True,18.003873586654663,100115,7.685809455978111e-05,5151.69899721505,6.826742466989209e-12,0.0,6.781187082008738e-06,58.32597434843453,True,False,True,True,sin_impulse,NH3,-543256.1626282769,25271.789605621827,1.0,0.00016989602243745088,0.0,293.15,0.0,1.8196171169740127e-06,0.0,0.0,0.0,0.0,0.0,0.0,0.0,0.0,0.0,6.065390389913375e-07,0.00016134502607964853,7.3726305104385815e-09,293.14999998141326,3.8802362241461274e-07,1.542387697267918e-06,1.9594942094466408e-26,2.6364472310203423e-27,1.770192566112643e-30,1.8607394047986675e-18,4.39246389010605e-36,4.910613264146422e-11,9.62204408367181e-12,3.2619858201813716e-21,1.7359118674807868e-14,5.141080411160368e-07
1165,0.00016989576819172902,1.0,5066.25,0.35,293.15,2338.1,0.001,11  1,0.25  0.75,1.0,2859.1030634807885,0,True,17.714800119400024,99901,7.685804038780337e-05,5151.708500528787,6.8267485919116335e-12,0.0,6.781190013813765e-06,58.32594723553938,True,False,True,True,sin_impulse,NH3,-543256.1626282769,25271.789605621827,1.0,0.00016989576819172902,0.0,293.15,0.0,1.8196175071016304e-06,0.0,0.0,0.0,0.0,0.0,0.0,0.0,0.0,0.0,6.065391690338768e-07,0.00016134473865181482,-2.1549705131489542e-09,293.1500000061071,3.880260442890477e-07,1.5423863750834963e-06,1.9588009131708404e-26,2.6364857516829394e-27,1.7701241412953298e-30,1.860689201678712e-18,4.390996681548491e-36,4.910675702817358e-11,9.622148164785773e-12,3.2620247608167472e-21,1.7359453349715887e-14,5.141076001274876e-07
1165,0.00016989576819172902,1.0,5066.25,0.35,293.15,2338.1,0.001,11  1,0.25  0.75,1.0,2859.102399252233,0,True,18.255764484405518,100026,7.685805100904082e-05,5151.704435941821,6.8267344816116854e-12,0.0,6.7811774359507055e-06,58.325959606333555,True,False,True,True,sin_impulse,NH3,-543255.7385742674,25271.789605621827,1.0,0.00016989576819172902,0.0,293.15,0.0,1.8196175071016304e-06,0.0,0.0,0.0,0.0,0.0,0.0,0.0,0.0,0.0,6.065391690338768e-07,0.0001613447565167326,6.211056600790176e-09,293.1499999845192,3.8802511338030246e-07,1.5423870396021442e-06,1.9589567142451536e-26,2.636471429723294e-27,1.7701450761581698e-30,1.8607063081275995e-18,4.3913228263677214e-36,4.910660703276398e-11,9.62212697376953e-12,3.2620165725980684e-21,1.735936171221274e-14,5.141078216944029e-07
1165,0.00016989576819172902,1.0,5066.25,0.35,293.15,2338.1,0.001,11  1,0.25  0.75,1.0,2859.102399252233,0,True,18.16486430168152,99783,7.68579959236185e-05,5151.700931718587,6.826722180746801e-12,0.0,6.781166080042929e-06,58.32596702802046,True,False,True,True,sin_impulse,NH3,-543256.1626282769,25271.817013484088,1.0,0.00016989576819172902,0.0,293.15,0.0,1.8196175071016304e-06,0.0,0.0,0.0,0.0,0.0,0.0,0.0,0.0,0.0,6.065391690338768e-07,0.000161344770191056,-1.3948095852861947e-09,293.1500000041854,3.8802431555305485e-07,1.5423876184749685e-06,1.9591212271186753e-26,2.6364578244066677e-27,1.770164548383328e-30,1.8607215703823513e-18,4.3916672370839615e-36,4.9106456336526466e-11,9.622103663012959e-12,3.262007662185478e-21,1.7359265197665982e-14,5.141080147139269e-07
1165,0.000169665710708076,1.0,5066.25,0.35,293.15,2338.1,0.001,11  1,0.25  0.75,1.0,2859.584925643507,0,True,17.980085611343384,99717,7.682950784401733e-05,5163.64968658504,6.842022009210765e-12,0.0,6.79521537596263e-06,58.316111242294475,True,False,True,True,sin_impulse,NH3,-543263.7407610369,25259.061027929394,1.0,0.000169665710708076,0.0,293.15,0.0,1.8199709982456995e-06,0.0,0.0,0.0,0.0,0.0,0.0,0.0,0.0,0.0,6.066569994152332e-07,0.00016107075731384778,3.1379403588386975e-09,293.14999999140906,3.9088207553387224e-07,1.5407108929986606e-06,1.327944883122155e-26,2.6815031829627628e-27,1.6940345087758223e-30,1.8036862024809073e-18,3.045373291048491e-36,4.979661403622026e-11,9.735732881290332e-12,3.3045779770117874e-21,1.7735517110313244e-14,5.135488191038277e-07
1165,0.000169665710708076,1.0,5066.25,0.35,293.15,2338.1,0.001,11  1,0.25  0.75,1.0,2859.584925643507,0,True,19.07239055633545,99717,7.682950784401733e-05,5163.64968658504,6.842022009210765e-12,0.0,6.79521537596263e-06,58.316111242294475,True,False,True,True,sin_impulse,NH3,-543263.7407610369,25259.061027929394,1.0,0.000169665710708076,0.0,293.15,0.0,1.8199709982456995e-06,0.0,0.0,0.0,0.0,0.0,0.0,0.0,0.0,0.0,6.066569994152332e-07,0.00016107075731384778,3.1379403588386975e-09,293.14999999140906,3.9088207553387224e-07,1.5407108929986606e-06,1.327944883122155e-26,2.6815031829627628e-27,1.6940345087758223e-30,1.8036862024809073e-18,3.045373291048491e-36,4.979661403622026e-11,9.735732881290332e-12,3.3045779770117874e-21,1.7735517110313244e-14,5.135488191038277e-07
1165,0.00016966596495379785,1.0,5066.25,0.35,293.15,2338.1,0.001,11  1,0.25  0.75,1.0,2859.584925643507,0,True,19.03504252433777,100368,7.68295620036117e-05,5163.641058743205,6.8420206584204215e-12,0.0,6.795212399863449e-06,58.316097214689215,True,False,True,True,sin_impulse,NH3,-543263.7407610369,25259.061027929394,1.0,0.00016966596495379785,0.0,293.15,0.0,1.819970607059381e-06,0.0,0.0,0.0,0.0,0.0,0.0,0.0,0.0,0.0,6.066568690197937e-07,0.00016107104786747728,2.5421181323986828e-09,293.1499999929129,3.908798830491653e-07,1.540712041370908e-06,1.3284018920295298e-26,2.6814684957528332e-27,1.6940953277403343e-30,1.803730553572014e-18,3.046360175910149e-36,4.9796011041314237e-11,9.735630003864674e-12,3.3045396504792377e-21,1.7735198720628503e-14,5.135492021471969e-07
1165,0.000169665710708076,1.0,5066.25,0.35,293.15,2338.1,0.001,11  1,0.25  0.75,1.0,2859.5855898720624,0,True,17.853439807891846,100146,7.682950791887642e-05,5163.650452421823,6.842022201142712e-12,0.0,6.795215457227201e-06,58.31611030382227,True,False,True,True,sin_impulse,NH3,-543263.7407610369,25259.061027929394,1.0,0.000169665710708076,0.0,293.15,0.0,1.8199709982456995e-06,0.0,0.0,0.0,0.0,0.0,0.0,0.0,0.0,0.0,6.066569994152332e-07,0.00016107074879876166,-8.482234840410785e-10,293.1500000027834,3.9088214849140757e-07,1.5407108718860075e-06,1.3279557772851105e-26,2.6815045454646495e-27,1.694034613972669e-30,1.803685758189523e-18,3.0453979940334636e-36,4.979660384111919e-11,9.73572974556628e-12,3.3045770450976392e-21,1.773551721914423e-14,5.135488120712586e-07
1165,0.000169665710708076,1.0,5066.25,0.35,293.15,2338.1,0.001,11  1,0.25  0.75,1.0,2859.584925643507,0,True,18.226233959197998,99873,7.682951849596489e-05,5163.645531034766,6.842009436671652e-12,0.0,6.795202873023685e-06,58.3161111014712,True,False,True,True,sin_impulse,NH3,-543263.3167070274,25259.061027929394,1.0,0.000169665710708076,0.0,293.15,0.0,1.8199709982456995e-06,0.0,0.0,0.0,0.0,0.0,0.0,0.0,0.0,0.0,6.066569994152332e-07,0.0001610707668003092,9.791128001660245e-10,293.1499999968859,3.908812882052526e-07,1.540711466670903e-06,1.3280565415322102e-26,2.6814904558969396e-27,1.694052949573451e-30,1.8037007794755084e-18,3.0456122807847505e-36,4.97964635986263e-11,9.735709208008498e-12,3.304569046659299e-21,1.7735425075814814e-14,5.13549010389962e-07
1165,0.000169665710708076,1.0,5066.25,0.35,293.15,2338.1,0.001,11  1,0.25  0.75,1.0,2859.584925643507,0,True,18.638189554214478,99571,7.682946336146944e-05,5163.6427040365825,6.841998708590726e-12,0.0,6.795191350991835e-06,58.316103657968604,True,False,True,True,sin_impulse,NH3,-543263.7407610369,25259.088435791655,1.0,0.000169665710708076,0.0,293.15,0.0,1.8199709982456995e-06,0.0,0.0,0.0,0.0,0.0,0.0,0.0,0.0,0.0,6.066569994152332e-07,0.0001610707831326961,1.447727734088953e-09,293.14999999568283,3.908805564097378e-07,1.5407119876922733e-06,1.3281436647765715e-26,2.6814800577519532e-27,1.6940688799138968e-30,1.803713880797235e-18,3.045799334384768e-36,4.979634267914825e-11,9.73569166498109e-12,3.3045623962651885e-21,1.7735357040830003e-14,5.135491841128775e-07
1165,0.00016994477870963944,1.0,5066.25,0.35,293.15,2338.1,0.001,11  1,0.25  0.75,1.0,2859.6337022754433,0,True,17.99871850013733,99474,7.68627314338627e-05,5149.233250096726,6.823481855743811e-12,0.0,6.7776838981379945e-06,58.32369971324721,True,False,True,True,sin_impulse,NH3,-543259.0680549407,25275.326437373405,1.0,0.00016994477870963944,0.0,293.15,0.0,1.819542324436091e-06,0.0,0.0,0.0,0.0,0.0,0.0,0.0,0.0,0.0,6.065141081453636e-07,0.0001614030911720586,1.3591248884703142e-09,293.149999995909,3.874198669990284e-07,1.5427418339132837e-06,2.1494427867505006e-26,2.627047292703334e-27,1.7881568972348592e-30,1.873828202742567e-18,4.7942047927879426e-36,4.8945303915767946e-11,9.594583978111293e-12,3.2518415674472282e-21,1.7274375003302468e-14,5.142261540606198e-07
1165,0.0001698052447088577,1.0,5066.25,0.35,293.15,2338.1,0.001,11  1,0.25  0.75,1.0,2859.6093139594755,0,True,18.575772047042847,99832,7.684609685081013e-05,5156.445794001428,6.83341438457003e-12,0.0,6.786418328279126e-06,58.313977592198576,True,False,True,True,sin_impulse,NH3,-543261.4044079888,25267.193732651398,1.0,0.0001698052447088577,0.0,293.15,0.0,1.8197564852139096e-06,0.0,0.0,0.0,0.0,0.0,0.0,0.0,0.0,0.0,6.065854950713032e-07,0.0001612360888669633,5.574738083013044e-09,293.1499999862057,3.891906370543633e-07,1.541697757647359e-06,1.6808083937046228e-26,2.654982941947184e-27,1.739207968769077e-30,1.8374476752503942e-18,3.801661706324401e-36,4.93793235936287e-11,9.66654907075231e-12,3.2787259820459228e-21,1.7510139583910392e-14,5.138779478257074e-07
1165,0.00016980549895457956,1.0,5066.25,0.35,293.15,2338.1,0.001,11  1,0.25  0.75,1.0,2859.6093139594755,0,True,19.023627758026123,100344,7.684615104190511e-05,5156.436221662035,6.833409420731636e-12,0.0,6.786415366453301e-06,58.31399450165753,True,False,True,True,sin_impulse,NH3,-543261.4044079888,25267.193732651398,1.0,0.00016980549895457956,0.0,293.15,0.0,1.8197560946702257e-06,0.0,0.0,0.0,0.0,0.0,0.0,0.0,0.0,0.0,6.065853648900752e-07,0.00016123636514975506,-7.016846293982727e-09,293.15000001821477,3.891883536830723e-07,1.5416989971348227e-06,1.6813967955523277e-26,2.6549468888716184e-27,1.739273379645048e-30,1.8374954910351315e-18,3.802917709233876e-36,4.9378708731672606e-11,9.666444843282327e-12,3.278687193998016e-21,1.7509814445816314e-14,5.138783612454804e-07
1165,0.0001698052447088577,1.0,5066.25,0.35,293.15,2338.1,0.001,11  1,0.25  0.75,1.0,2859.6099781880307,0,True,19.278149127960205,100041,7.684609689414955e-05,5156.446072475772,6.833415326394255e-12,0.0,6.786418310259836e-06,58.3139694001647,True,False,True,True,sin_impulse,NH3,-543261.4044079888,25267.193732651398,1.0,0.0001698052447088577,0.0,293.15,0.0,1.8197564852139096e-06,0.0,0.0,0.0,0.0,0.0,0.0,0.0,0.0,0.0,6.065854950713032e-07,0.00016123608604125798,3.4356555412006747e-09,293.1499999917854,3.8919071115708077e-07,1.5416977087102021e-06,1.6808111914736644e-26,2.6549845057619752e-27,1.7392074887386374e-30,1.83744695244403e-18,3.801668838620766e-36,4.937932434298122e-11,9.666547629386268e-12,3.278725628826993e-21,1.7510144104414433e-14,5.138779315137708e-07
1165,0.0001698052447088577,1.0,5066.25,0.35,293.15,2338.1,0.001,11  1,0.25  0.75,1.0,2859.6093139594755,0,True,17.989540576934814,99921,7.684610751717362e-05,5156.44171677912,6.833403294275567e-12,0.0,6.7864057901381544e-06,58.31396449580977,True,False,True,True,sin_impulse,NH3,-543260.9803539793,25267.193732651398,1.0,0.0001698052447088577,0.0,293.15,0.0,1.8197564852139096e-06,0.0,0.0,0.0,0.0,0.0,0.0,0.0,0.0,0.0,6.065854950713032e-07,0.00016123611677190737,-7.564471028792721e-09,293.15000001951137,3.891898033472306e-07,1.5416983311349264e-06,1.6809445103105762e-26,2.654970078650205e-27,1.7392274313337742e-30,1.8374632398982285e-18,3.8019496765281125e-36,4.937917598450303e-11,9.666526376745406e-12,3.2787173394191113e-21,1.7510050610491692e-14,5.138781390488335e-07
1165,0.0001698052447088577,1.0,5066.25,0.35,293.15,2338.1,0.001,11  1,0.25  0.75,1.0,2859.6093139594755,0,True,17.752251148223877,100009,7.684605239681905e-05,5156.43799858146,6.8333895659421235e-12,0.0,6.7863943469862085e-06,58.313983320553774,True,False,True,True,sin_impulse,NH3,-543261.4044079888,25267.22114051366,1.0,0.0001698052447088577,0.0,293.15,0.0,1.8197564852139096e-06,0.0,0.0,0.0,0.0,0.0,0.0,0.0,0.0,0.0,6.065854950713032e-07,0.00016123611434945028,-6.652557639532461e-09,293.15000001734023,3.8918903900528105e-07,1.5416989111411902e-06,1.6810691504717503e-26,2.6549572844765276e-27,1.7392453166530968e-30,1.8374775765425664e-18,3.8022122399136166e-36,4.937903971441363e-11,9.666506030256553e-12,3.278709559585863e-21,1.7509963208829332e-14,5.138783324399197e-07
1165,0.00016969143164756873,1.0,5066.25,0.35,293.15,2338.1,0.001,11  1,0.25  0.75,1.0,2859.753365537638,0,True,19.1366126537323,100293,7.68322928249681e-05,5160.375612095519,6.834488709789586e-12,0.0,6.787027548800124e-06,58.31004517128297,True,False,True,True,sin_impulse,NH3,-543114.3826968896,25263.03736609521,1.0,0.00016969143164756873,0.0,293.15,0.0,1.819931429557889e-06,0.0,0.0,0.0,0.0,0.0,0.0,0.0,0.0,0.0,6.066438098526298e-07,0.0001611090824942386,-9.500560201977313e-10,293.150000001806,3.9017312136253137e-07,1.5411772792409908e-06,1.4448189335175762e-26,2.6704218149557904e-27,1.7115475092699324e-30,1.8172491282870266e-18,3.296028386037732e-36,4.9645364173784595e-11,9.711512433024737e-12,3.2954821881219604e-21,1.7649877411853635e-14,5.137043437685419e-07
1165,0.00016969143164756873,1.0,5066.25,0.35,293.15,2338.1,0.001,11  1,0.25  0.75,1.0,2859.753365537638,0,True,19.565906286239624,100293,7.68322928249681e-05,5160.375612095519,6.834488709789586e-12,0.0,6.787027548800124e-06,58.31004517128297,True,False,True,True,sin_impulse,NH3,-543114.3826968896,25263.03736609521,1.0,0.00016969143164756873,0.0,293.15,0.0,1.819931429557889e-06,0.0,0.0,0.0,0.0,0.0,0.0,0.0,0.0,0.0,6.066438098526298e-07,0.0001611090824942386,-9.500560201977313e-10,293.150000001806,3.9017312136253137e-07,1.5411772792409908e-06,1.4448189335175762e-26,2.6704218149557904e-27,1.7115475092699324e-30,1.8172491282870266e-18,3.296028386037732e-36,4.9645364173784595e-11,9.711512433024737e-12,3.2954821881219604e-21,1.7649877411853635e-14,5.137043437685419e-07
1165,0.0001696916858932906,1.0,5066.25,0.35,293.15,2338.1,0.001,11  1,0.25  0.75,1.0,2859.753365537638,0,True,17.766011953353882,100328,7.683234701760763e-05,5160.366386516614,6.8344872451090066e-12,0.0,6.787024564282392e-06,58.310032026371026,True,False,True,True,sin_impulse,NH3,-543114.3826968896,25263.03736609521,1.0,0.0001696916858932906,0.0,293.15,0.0,1.81993103849015e-06,0.0,0.0,0.0,0.0,0.0,0.0,0.0,0.0,0.0,6.066436794967167e-07,0.0001611093781537461,7.937500470861702e-09,293.149999979709,3.901708896740607e-07,1.5411784585978682e-06,1.4453199551966292e-26,2.6703868749455772e-27,1.711610086180136e-30,1.8172948658989464e-18,3.297106020859175e-36,4.964475626230328e-11,9.71140922513591e-12,3.2954437390956612e-21,1.7649558708416597e-14,5.137047371419681e-07
1165,0.00016969143164756873,1.0,5066.25,0.35,293.15,2338.1,0.001,11  1,0.25  0.75,1.0,2859.754029766193,0,True,18.189327478408813,100170,7.683229294187243e-05,5160.37578682402,6.8344895076802314e-12,0.0,6.78702756270354e-06,58.31003848334211,True,False,True,True,sin_impulse,NH3,-543114.3826968896,25263.03736609521,1.0,0.00016969143164756873,0.0,293.15,0.0,1.819931429557889e-06,0.0,0.0,0.0,0.0,0.0,0.0,0.0,0.0,0.0,6.066438098526298e-07,0.00016110907840682698,1.7930264803309225e-09,293.1499999960303,3.9017319660981354e-07,1.5411772495293468e-06,1.4448236468271756e-26,2.670423162024936e-27,1.7115470609995496e-30,1.8172484402498354e-18,3.296039552130113e-36,4.9645363215887855e-11,9.711511112843675e-12,3.2954818518319154e-21,1.7649880620604165e-14,5.137043338656702e-07
1165,0.00016969143164756873,1.0,5066.25,0.35,293.15,2338.1,0.001,11  1,0.25  0.75,1.0,2859.753365537638,0,True,18.620105266571045,99741,7.683230351974521e-05,5160.370815812669,6.834477185756245e-12,0.0,6.787014984950606e-06,58.31003555024947,True,False,True,True,sin_impulse,NH3,-543113.9586428801,25263.03736609521,1.0,0.00016969143164756873,0.0,293.15,0.0,1.819931429557889e-06,0.0,0.0,0.0,0.0,0.0,0.0,0.0,0.0,0.0,6.066438098526298e-07,0.0001611091037283158,-4.875705589898785e-09,293.15000001195926,3.9017230919526e-07,1.5411778542056751e-06,1.444933647682933e-26,2.670408989323233e-27,1.7115661561923913e-30,1.817264150507733e-18,3.2962726135731623e-36,4.964521776409499e-11,9.711490531420288e-12,3.295473821830017e-21,1.7649789012303588e-14,5.137045354832544e-07
1165,0.00016969143164756873,1.0,5066.25,0.35,293.15,2338.1,0.001,11  1,0.25  0.75,1.0,2859.753365537638,0,True,17.040892362594604,99987,7.6832248394213e-05,5160.367999266204,6.8344652820525085e-12,0.0,6.787003544588659e-06,58.31003882080099,True,False,True,True,sin_impulse,NH3,-543114.3826968896,25263.06477395747,1.0,0.00016969143164756873,0.0,293.15,0.0,1.819931429557889e-06,0.0,0.0,0.0,0.0,0.0,0.0,0.0,0.0,0.0,6.066438098526298e-07,0.00016110911293388343,-7.202341168783074e-09,293.1500000181355,3.901715627450234e-07,1.541178402120631e-06,1.445043645691924e-26,2.6703971932642672e-27,1.7115831494875008e-30,1.817277622280371e-18,3.296507130360346e-36,4.964508235407922e-11,9.711469557035077e-12,3.2954658848732873e-21,1.7649706239293807e-14,5.137047181772538e-07
1165,0.00016980301592391448,1.0,5066.25,0.35,293.15,2338.1,0.001,11  1,0.25  0.75,1.0,2859.9016861917894,0,True,17.847387313842773,99538,7.685008375405096e-05,5153.6340570950815,6.824039501642757e-12,0.0,6.776666922519682e-06,58.31018300576479,True,False,True,True,sin_impulse,NH3,-542978.1646756949,25268.84866905922,1.0,0.00016980301592391448,0.0,293.15,0.0,1.81975990887274e-06,0.0,0.0,0.0,0.0,0.0,0.0,0.0,0.0,0.0,6.065866362909133e-07,0.0001612460089631463,-2.1024549059730437e-09,293.1500000047716,3.885849716709059e-07,1.5421351536639177e-06,1.790559481746962e-26,2.6454953883116145e-27,1.753962423640535e-30,1.849117500169463e-18,4.033787275288739e-36,4.9265259722208864e-11,9.648846845543248e-12,3.272057225479208e-21,1.744235711241037e-14,5.140237934154591e-07
1165,0.0001697472237857416,1.0,5066.25,0.35,293.15,2338.1,0.001,11  1,0.25  0.75,1.0,2859.8275258647136,0,True,17.010746002197266,99322,7.684118351181729e-05,5157.00610550803,6.829409868136414e-12,0.0,6.7818398171873645e-06,58.308805720743976,True,False,True,True,sin_impulse,NH3,-543046.2736862922,25265.943017577214,1.0,0.0001697472237857416,0.0,293.15,0.0,1.8198456410277969e-06,0.0,0.0,0.0,0.0,0.0,0.0,0.0,0.0,0.0,6.066152136759323e-07,0.00016117736582294822,-7.946365633837477e-09,293.1500000202542,3.893878600949165e-07,1.5416498713748133e-06,1.6065630919068536e-26,2.6581144243925623e-27,1.7323490899537076e-30,1.832898759215189e-18,3.6421431806649214e-36,4.9457207086364215e-11,9.680495182495082e-12,3.2838868044304834e-21,1.7547281084253815e-14,5.138619527758909e-07
1165,0.00016974747803146347,1.0,5066.25,0.35,293.15,2338.1,0.001,11  1,0.25  0.75,1.0,2859.8275258647136,0,True,18.71621298789978,99594,7.68412376812307e-05,5156.996993804586,6.829406254786641e-12,0.0,6.781836893778683e-06,58.30881143631777,True,False,True,True,sin_impulse,NH3,-543046.2736862922,25265.943017577214,1.0,0.00016974747803146347,0.0,293.15,0.0,1.8198452502170856e-06,0.0,0.0,0.0,0.0,0.0,0.0,0.0,0.0,0.0,6.066150834056952e-07,0.0001611776519785829,-4.8692021473367005e-09,293.15000001194375,3.8938558011612115e-07,1.541651086636139e-06,1.6071307226446053e-26,2.6580786794476514e-27,1.7324138001723217e-30,1.832945877777466e-18,3.6433577033999643e-36,4.945658532287856e-11,9.680390069318788e-12,3.283847703968228e-21,1.7546956034524678e-14,5.138623581230348e-07
1165,0.0001697472237857416,1.0,5066.25,0.35,293.15,2338.1,0.001,11  1,0.25  0.75,1.0,2859.828190093269,0,True,19.75251269340515,99669,7.684118353774569e-05,5157.006250533467,6.82940951672629e-12,0.0,6.7818398554949e-06,58.308809050407966,True,False,True,True,sin_impulse,NH3,-543046.2736862922,25265.943017577214,1.0,0.0001697472237857416,0.0,293.15,0.0,1.8198456410277969e-06,0.0,0.0,0.0,0.0,0.0,0.0,0.0,0.0,0.0,6.066152136759323e-07,0.0001611773521827285,-7.849504352605873e-09,293.15000002011413,3.893879389188978e-07,1.5416498372267732e-06,1.606582329463083e-26,2.6581152026120475e-27,1.732349347849661e-30,1.8328982303621053e-18,3.642185199282575e-36,4.9457191998709034e-11,9.680490733806064e-12,3.283885377187144e-21,1.7547274756422042e-14,5.138619414004654e-07
1165,0.0001697472237857416,1.0,5066.25,0.35,293.15,2338.1,0.001,11  1,0.25  0.75,1.0,2859.8275258647136,0,True,17.68901753425598,99887,7.684119414678863e-05,5157.0021956398705,6.829397241856609e-12,0.0,6.7818273178621134e-06,58.3088060561148,True,False,True,True,sin_impulse,NH3,-543045.8496322827,25265.943017577214,1.0,0.0001697472237857416,0.0,293.15,0.0,1.8198456410277969e-06,0.0,0.0,0.0,0.0,0.0,0.0,0.0,0.0,0.0,6.066152136759323e-07,0.0001611773801418947,6.56349618343408e-09,293.14999998288977,3.893870364117551e-07,1.5416504600920573e-06,1.6067007656115966e-26,2.6581011084152105e-27,1.732368530309347e-30,1.8329141127516606e-18,3.6424349209300516e-36,4.945705293800116e-11,9.680471335232708e-12,3.283877759946981e-21,1.7547186532310342e-14,5.138621490783264e-07
1165,0.0001697472237857416,1.0,5066.25,0.35,293.15,2338.1,0.001,11  1,0.25  0.75,1.0,2859.8275258647136,0,True,17.01432466506958,99595,7.684113903862776e-05,5156.998490867686,6.82938565183893e-12,0.0,6.78181586084089e-06,58.308806505493415,True,False,True,True,sin_impulse,NH3,-543046.2736862922,25265.970425439475,1.0,0.0001697472237857416,0.0,293.15,0.0,1.8198456410277969e-06,0.0,0.0,0.0,0.0,0.0,0.0,0.0,0.0,0.0,6.066152136759323e-07,0.0001611773957074898,4.987709783300406e-09,293.14999998677195,3.893862627775577e-07,1.54165101155583e-06,1.6068195105687818e-26,2.6580891518919437e-27,1.7323865053645237e-30,1.832928621916088e-18,3.6426865595338625e-36,4.9456915124697606e-11,9.680450983209291e-12,3.283870013571163e-21,1.7547105003345568e-14,5.13862332955745e-07
1165,0.00016967913623825958,1.0,5066.25,0.35,293.15,2338.1,0.001,11  1,0.25  0.75,1.0,2859.723899049203,0,True,18.512423038482666,99964,7.682813503225792e-05,5159.737638439879,6.831210760731868e-12,0.0,6.783692750682514e-06,58.309360862032975,True,False,True,True,sin_impulse,NH3,-543052.9371593927,25264.935250008806,1.0,0.00016967913623825958,0.0,293.15,0.0,1.819950343125109e-06,0.0,0.0,0.0,0.0,0.0,0.0,0.0,0.0,0.0,6.066501143750364e-07,0.0001610998459317604,-7.3744281127658846e-09,293.15000001860557,3.9005306969047743e-07,1.5412830920866674e-06,1.452247126783241e-26,2.6685090950765253e-27,1.713678611693032e-30,1.8191939985889452e-18,3.311272771255801e-36,4.963459361809943e-11,9.710482601142067e-12,3.2950394096388703e-21,1.764069473447709e-14,5.137396188283524e-07
1165,0.0001697131800120006,1.0,5066.25,0.35,293.15,2338.1,0.001,11  1,0.25  0.75,1.0,2859.7757124569584,0,True,18.858298778533936,100486,7.683465850458474e-05,5158.371449743099,6.830333760581895e-12,0.0,6.782765211792681e-06,58.308873956481484,True,False,True,True,sin_impulse,NH3,-543049.6054228424,25265.43913379301,1.0,0.0001697131800120006,0.0,293.15,0.0,1.8198979815750455e-06,0.0,0.0,0.0,0.0,0.0,0.0,0.0,0.0,0.0,6.066326605250152e-07,0.0001611385763143953,-6.980857388861632e-09,293.1500000175282,3.8972184480298955e-07,1.541465478510687e-06,1.5271847830878874e-26,2.663336774127637e-27,1.7229457454350814e-30,1.8260003463710384e-18,3.47214497948403e-36,4.9546184598280796e-11,9.695535842920267e-12,3.2894804983781154e-21,1.759416581728287e-14,5.138004512770728e-07
1165,0.00016971343425772247,1.0,5066.25,0.35,293.15,2338.1,0.001,11  1,0.25  0.75,1.0,2859.7757124569584,0,True,19.807731866836548,100320,7.683471270770045e-05,5158.362270172132,6.830331353615523e-12,0.0,6.782762282838227e-06,58.30886932504127,True,False,True,True,sin_impulse,NH3,-543049.6054228424,25265.43913379301,1.0,0.00016971343425772247,0.0,293.15,0.0,1.8198975906075285e-06,0.0,0.0,0.0,0.0,0.0,0.0,0.0,0.0,0.0,6.066325302025095e-07,0.00016113886892329737,7.413747774332441e-09,293.1499999812829,3.8971958440738875e-07,1.5414666834721916e-06,1.52771809694046e-26,2.6633023091664823e-27,1.72300955162986e-30,1.8260469467597744e-18,3.473289780201367e-36,4.9545570862831504e-11,9.695431803698526e-12,3.2894418629789827e-21,1.759385017650919e-14,5.138008531877219e-07
1165,0.0001697131800120006,1.0,5066.25,0.35,293.15,2338.1,0.001,11  1,0.25  0.75,1.0,2859.7763766855137,0,True,17.472378253936768,99881,7.68346585683654e-05,5158.372176333905,6.8303348552054185e-12,0.0,6.782765280266834e-06,58.30886520059842,True,False,True,True,sin_impulse,NH3,-543049.6054228424,25265.43913379301,1.0,0.0001697131800120006,0.0,293.15,0.0,1.8198979815750455e-06,0.0,0.0,0.0,0.0,0.0,0.0,0.0,0.0,0.0,6.066326605250152e-07,0.0001611385746360191,-7.70976350566835e-09,293.1500000195304,3.897219194372005e-07,1.541465427640169e-06,1.5271905363429362e-26,2.6633386988112078e-27,1.7229452260225083e-30,1.825999524371564e-18,3.472159012173857e-36,4.954618055081993e-11,9.695534081310452e-12,3.289480072663473e-21,1.7594172065687962e-14,5.13800434322461e-07
1165,0.0001697131800120006,1.0,5066.25,0.35,293.15,2338.1,0.001,11  1,0.25  0.75,1.0,2859.7757124569584,0,True,18.700026750564575,99947,7.683466920920124e-05,5158.367909961272,6.8303211009424884e-12,0.0,6.782752681591981e-06,58.30887431129121,True,False,True,True,sin_impulse,NH3,-543049.181368833,25265.43913379301,1.0,0.0001697131800120006,0.0,293.15,0.0,1.8198979815750455e-06,0.0,0.0,0.0,0.0,0.0,0.0,0.0,0.0,0.0,6.066326605250152e-07,0.00016113859020124442,-1.8597898561963796e-09,293.1500000041463,3.897210217175237e-07,1.5414660674215014e-06,1.5273043789591588e-26,2.6633243947802693e-27,1.7229644866445513e-30,1.826015426105908e-18,3.472399350207062e-36,4.9546039526216873e-11,9.69551415374063e-12,3.2894722941592796e-21,1.759408127199264e-14,5.138006476399657e-07
1165,0.0001697131800120006,1.0,5066.25,0.35,293.15,2338.1,0.001,11  1,0.25  0.75,1.0,2859.7757124569584,0,True,18.63358187675476,99661,7.683461405781468e-05,5158.364635516572,6.830310767532461e-12,0.0,6.782741243037589e-06,58.30886419209206,True,False,True,True,sin_impulse,NH3,-543049.6054228424,25265.46654165527,1.0,0.0001697131800120006,0.0,293.15,0.0,1.8198979815750455e-06,0.0,0.0,0.0,0.0,0.0,0.0,0.0,0.0,0.0,6.066326605250152e-07,0.00016113861358106718,7.307572628349768e-09,293.1499999810895,3.8972026248382445e-07,1.5414666028578197e-06,1.5274158562553304e-26,2.663313229193237e-27,1.7229817041868596e-30,1.8260292430239756e-18,3.472636839945409e-36,4.954590602928612e-11,9.695493997848608e-12,3.289464664215665e-21,1.7594004707069057e-14,5.13800826173351e-07
1165,0.00016972640374230086,1.0,5066.25,0.35,293.15,2338.1,0.001,11  1,0.25  0.75,1.0,2859.8410257772234,0,True,19.552701950073242,100163,7.68325647412218e-05,5157.128357199613,6.827694686438116e-12,0.0,6.7800441849299715e-06,58.30801110635855,True,False,True,True,sin_impulse,NH3,-543051.2950892113,25268.44454929334,1.0,0.00016972640374230086,0.0,293.15,0.0,1.8198776482774172e-06,0.0,0.0,0.0,0.0,0.0,0.0,0.0,0.0,0.0,6.066258827591391e-07,0.000161156652299577,-6.233702821558158e-09,293.1500000163149,3.894401928133115e-07,1.5416459339663332e-06,1.5820640761166274e-26,2.6589268691081153e-27,1.73020336019936e-30,1.8315475725022207e-18,3.5892872030666604e-36,4.948329644792846e-11,9.685330655283639e-12,3.2856585108183363e-21,1.7559065020735857e-14,5.138606291843533e-07
1165,0.00016972640374230086,1.0,5066.25,0.35,293.15,2338.1,0.001,11  1,0.25  0.75,1.0,2859.8410257772234,0,True,19.018996000289917,100163,7.68325647412218e-05,5157.128357199613,6.827694686438116e-12,0.0,6.7800441849299715e-06,58.30801110635855,True,False,True,True,sin_impulse,NH3,-543051.2950892113,25268.44454929334,1.0,0.00016972640374230086,0.0,293.15,0.0,1.8198776482774172e-06,0.0,0.0,0.0,0.0,0.0,0.0,0.0,0.0,0.0,6.066258827591391e-07,0.000161156652299577,-6.233702821558158e-09,293.1500000163149,3.894401928133115e-07,1.5416459339663332e-06,1.5820640761166274e-26,2.6589268691081153e-27,1.73020336019936e-30,1.8315475725022207e-18,3.5892872030666604e-36,4.948329644792846e-11,9.685330655283639e-12,3.2856585108183363e-21,1.7559065020735857e-14,5.138606291843533e-07
1165,0.00016972665798802272,1.0,5066.25,0.35,293.15,2338.1,0.001,11  1,0.25  0.75,1.0,2859.8410257772234,0,True,18.324339389801025,100001,7.683261887459384e-05,5157.11941064753,6.827690431215146e-12,0.0,6.7800412935350335e-06,58.308022579818136,True,False,True,True,sin_impulse,NH3,-543051.2950892113,25268.44454929334,1.0,0.00016972665798802272,0.0,293.15,0.0,1.8198772573708201e-06,0.0,0.0,0.0,0.0,0.0,0.0,0.0,0.0,0.0,6.0662575245694e-07,0.00016115693323311294,-6.687941499335495e-09,293.1500000174164,3.894379134563752e-07,1.5416471637908478e-06,1.5826240461460034e-26,2.6588913559357133e-27,1.730268382116119e-30,1.831595072646539e-18,3.590486441260819e-36,4.9482675331753024e-11,9.685225589283984e-12,3.285619469186799e-21,1.7558741511126658e-14,5.138610393856117e-07
1165,0.00016972640374230086,1.0,5066.25,0.35,293.15,2338.1,0.001,11  1,0.25  0.75,1.0,2859.8416900057787,0,True,17.034815788269043,99933,7.683256475785157e-05,5157.128552200829,6.82769532009346e-12,0.0,6.78004424981794e-06,58.3080062530219,True,False,True,True,sin_impulse,NH3,-543051.2950892113,25268.44454929334,1.0,0.00016972640374230086,0.0,293.15,0.0,1.8198776482774172e-06,0.0,0.0,0.0,0.0,0.0,0.0,0.0,0.0,0.0,6.066258827591391e-07,0.0001611566477373938,7.899703706827831e-09,293.14999997981386,3.8944026202993274e-07,1.5416458834887586e-06,1.582064643972344e-26,2.6589287340763433e-27,1.7302026530289988e-30,1.8315467642886292e-18,3.589289941370379e-36,4.948329661721098e-11,9.685330022750183e-12,3.285658476925418e-21,1.75590731383607e-14,5.138606123587546e-07
1165,0.00016972640374230086,1.0,5066.25,0.35,293.15,2338.1,0.001,11  1,0.25  0.75,1.0,2859.8410257772234,0,True,19.077548027038574,100145,7.683257536657497e-05,5157.124515120943,6.827681810578914e-12,0.0,6.780031618605666e-06,58.3080129955486,True,False,True,True,sin_impulse,NH3,-543050.8710352018,25268.44454929334,1.0,0.00016972640374230086,0.0,293.15,0.0,1.8198776482774172e-06,0.0,0.0,0.0,0.0,0.0,0.0,0.0,0.0,0.0,6.066258827591391e-07,0.00016115666508039565,-5.849349480085737e-09,293.1500000145203,3.894393657404335e-07,1.541646519530213e-06,1.5821899645495993e-26,2.6589131856288075e-27,1.7302225227555322e-30,1.8315630259847835e-18,3.589553139161671e-36,4.948315051493148e-11,9.685308784747249e-12,3.285650102506509e-21,1.755897172066092e-14,5.138608244319504e-07
1165,0.00016972640374230086,1.0,5066.25,0.35,293.15,2338.1,0.001,11  1,0.25  0.75,1.0,2859.8410257772234,0,True,18.04707098007202,99739,7.683252027635523e-05,5157.121282320287,6.827671171593707e-12,0.0,6.78002025678211e-06,58.30800614061571,True,False,True,True,sin_impulse,NH3,-543051.2950892113,25268.4719571556,1.0,0.00016972640374230086,0.0,293.15,0.0,1.8198776482774172e-06,0.0,0.0,0.0,0.0,0.0,0.0,0.0,0.0,0.0,6.066258827591391e-07,0.00016115668788953632,-2.8514475539877457e-10,293.1500000001077,3.8943859355442e-07,1.541647056654936e-06,1.5823123732964399e-26,2.6589013245336092e-27,1.7302404855795907e-30,1.8315773467495767e-18,3.589813126168348e-36,4.9483008669518836e-11,9.685287336591675e-12,3.285641966951592e-21,1.7558888785831532e-14,5.138610035315985e-07
1165,0.0001696927493758239,1.0,5066.25,0.35,293.15,2338.1,0.001,11  1,0.25  0.75,1.0,2859.878217931472,0,True,19.00092339515686,99916,7.68226175612895e-05,5158.010365250765,6.827130648261194e-12,0.0,6.779335468109448e-06,58.30673291927048,True,False,True,True,sin_impulse,NH3,-543060.5376049649,25270.01474130505,1.0,0.0001696927493758239,0.0,293.15,0.0,1.8199294027085239e-06,0.0,0.0,0.0,0.0,0.0,0.0,0.0,0.0,0.0,6.066431342361746e-07,0.00016112025346451327,-7.048965685584341e-09,293.15000001770426,3.896719953004929e-07,1.5415341204625917e-06,1.5213748650041338e-26,2.6625647849955213e-27,1.723356688775764e-30,1.8266459144866276e-18,3.459069784488953e-36,4.955164505429977e-11,9.697082651995094e-12,3.2900238192726832e-21,1.759407270857573e-14,5.138233293342104e-07
1165,0.0001696927493758239,1.0,5066.25,0.35,293.15,2338.1,0.001,11  1,0.25  0.75,1.0,2859.878217931472,0,True,19.706286668777466,99916,7.68226175612895e-05,5158.010365250765,6.827130648261194e-12,0.0,6.779335468109448e-06,58.30673291927048,True,False,True,True,sin_impulse,NH3,-543060.5376049649,25270.01474130505,1.0,0.0001696927493758239,0.0,293.15,0.0,1.8199294027085239e-06,0.0,0.0,0.0,0.0,0.0,0.0,0.0,0.0,0.0,6.066431342361746e-07,0.00016112025346451327,-7.048965685584341e-09,293.15000001770426,3.896719953004929e-07,1.5415341204625917e-06,1.5213748650041338e-26,2.6625647849955213e-27,1.723356688775764e-30,1.8266459144866276e-18,3.459069784488953e-36,4.955164505429977e-11,9.697082651995094e-12,3.2900238192726832e-21,1.759407270857573e-14,5.138233293342104e-07
1165,0.00016969300362154575,1.0,5066.25,0.35,293.15,2338.1,0.001,11  1,0.25  0.75,1.0,2859.878217931472,0,True,18.31272554397583,99908,7.682267176171723e-05,5158.001321220919,6.827127991839828e-12,0.0,6.779332516008959e-06,58.306730216288585,True,False,True,True,sin_impulse,NH3,-543060.5376049649,25270.01474130505,1.0,0.00016969300362154575,0.0,293.15,0.0,1.8199290116468586e-06,0.0,0.0,0.0,0.0,0.0,0.0,0.0,0.0,0.0,6.066430038822862e-07,0.00016112054461848264,-2.6341838287688144e-09,293.1500000073141,3.896697312063844e-07,1.5415353363403838e-06,1.521907029553855e-26,2.6625291199876407e-27,1.7234205967390215e-30,1.8266925735786905e-18,3.460210788464728e-36,4.955103135710868e-11,9.696978401810291e-12,3.289984979546976e-21,1.7593748918470034e-14,5.138237348837216e-07
1165,0.0001696927493758239,1.0,5066.25,0.35,293.15,2338.1,0.001,11  1,0.25  0.75,1.0,2859.8788821600274,0,True,18.812142610549927,100026,7.682261763436454e-05,5158.010665622514,6.827132134755014e-12,0.0,6.779335562968941e-06,58.306721039808416,True,False,True,True,sin_impulse,NH3,-543060.5376049649,25270.01474130505,1.0,0.0001696927493758239,0.0,293.15,0.0,1.8199294027085239e-06,0.0,0.0,0.0,0.0,0.0,0.0,0.0,0.0,0.0,6.066431342361746e-07,0.00016112025498977325,6.41556982768561e-09,293.1499999839785,3.896720690784686e-07,1.5415340732385832e-06,1.5213907947793286e-26,2.6625657061725536e-27,1.7233566949691762e-30,1.826645374183784e-18,3.459105106362584e-36,4.955163458798274e-11,9.697079452018604e-12,3.2900227769280675e-21,1.7594069770978495e-14,5.138233135979489e-07
1165,0.0001696927493758239,1.0,5066.25,0.35,293.15,2338.1,0.001,11  1,0.25  0.75,1.0,2859.878217931472,0,True,17.988980770111084,99917,7.682262821533159e-05,5158.006294475347,6.827118953422077e-12,0.0,6.779322969494231e-06,58.30672530209502,True,False,True,True,sin_impulse,NH3,-543060.1135509554,25270.01474130505,1.0,0.0001696927493758239,0.0,293.15,0.0,1.8199294027085239e-06,0.0,0.0,0.0,0.0,0.0,0.0,0.0,0.0,0.0,6.066431342361746e-07,0.00016112027416755165,7.814751245796933e-09,293.14999997994886,3.896711775827763e-07,1.5415347019343955e-06,1.5214946283638346e-26,2.6625517728944417e-27,1.7233753888792e-30,1.8266609310820204e-18,3.4593237660828035e-36,4.9551500659209814e-11,9.697060805539125e-12,3.2900154572127836e-21,1.759398346518288e-14,5.138235232172997e-07
1165,0.0001696927493758239,1.0,5066.25,0.35,293.15,2338.1,0.001,11  1,0.25  0.75,1.0,2859.878217931472,0,True,18.831283807754517,99760,7.682257311775938e-05,5158.002365447744,6.827108090377255e-12,0.0,6.779311517879039e-06,58.30671958589541,True,False,True,True,sin_impulse,NH3,-543060.5376049649,25270.04214916731,1.0,0.0001696927493758239,0.0,293.15,0.0,1.8199294027085239e-06,0.0,0.0,0.0,0.0,0.0,0.0,0.0,0.0,0.0,6.066431342361746e-07,0.00016112029392714375,2.6951960610734635e-09,293.14999999370207,3.896704141871126e-07,1.5415352516441227e-06,1.5216079307714072e-26,2.6625392437794178e-27,1.723392960400678e-30,1.8266750453701967e-18,3.459563766077363e-36,4.955136375261517e-11,9.697040320212249e-12,3.2900075727502665e-21,1.7593897436086053e-14,5.138237065097865e-07
1165,0.00016969822737952355,1.0,5066.25,0.35,293.15,2338.1,0.001,11  1,0.25  0.75,1.0,2859.941116367607,0,True,19.513935565948486,100347,7.681971411848201e-05,5156.820575642248,6.823866472323363e-12,0.0,6.77597648680624e-06,58.30572050683831,True,False,True,True,sin_impulse,NH3,-543034.7897731174,25272.9277433519,1.0,0.00016969822737952355,0.0,293.15,0.0,1.8199209771142142e-06,0.0,0.0,0.0,0.0,0.0,0.0,0.0,0.0,0.0,6.066403257047381e-07,0.00016113060676366172,7.347110467058083e-09,293.14999998147135,3.894106126866376e-07,1.541712532471089e-06,1.5668199765611143e-26,2.6584674839599363e-27,1.7297925994444353e-30,1.8316751666068858e-18,3.555853623883947e-36,4.949871433492978e-11,9.688723980914317e-12,3.2868776205011418e-21,1.7563471301986408e-14,5.138828218470329e-07
1165,0.00016969822737952355,1.0,5066.25,0.35,293.15,2338.1,0.001,11  1,0.25  0.75,1.0,2859.941116367607,0,True,19.518795490264893,100347,7.681971411848201e-05,5156.820575642248,6.823866472323363e-12,0.0,6.77597648680624e-06,58.30572050683831,True,False,True,True,sin_impulse,NH3,-543034.7897731174,25272.9277433519,1.0,0.00016969822737952355,0.0,293.15,0.0,1.8199209771142142e-06,0.0,0.0,0.0,0.0,0.0,0.0,0.0,0.0,0.0,6.066403257047381e-07,0.00016113060676366172,7.347110467058083e-09,293.14999998147135,3.894106126866376e-07,1.541712532471089e-06,1.5668199765611143e-26,2.6584674839599363e-27,1.7297925994444353e-30,1.8316751666068858e-18,3.555853623883947e-36,4.949871433492978e-11,9.688723980914317e-12,3.2868776205011418e-21,1.7563471301986408e-14,5.138828218470329e-07
1165,0.0001696984816252454,1.0,5066.25,0.35,293.15,2338.1,0.001,11  1,0.25  0.75,1.0,2859.941116367607,0,True,18.941524267196655,99724,7.68197683338495e-05,5156.811679479962,6.823863247396173e-12,0.0,6.77597355618906e-06,58.30572284456124,True,False,True,True,sin_impulse,NH3,-543034.7897731174,25272.9277433519,1.0,0.0001696984816252454,0.0,293.15,0.0,1.8199205860777958e-06,0.0,0.0,0.0,0.0,0.0,0.0,0.0,0.0,0.0,6.066401953592653e-07,0.0001611308968069701,-1.9459261948504702e-10,293.1500000011181,3.894083257847009e-07,1.5417137593401812e-06,1.5673566444252098e-26,2.6584320491111954e-27,1.7298563896747046e-30,1.831722087552167e-18,3.557002681671568e-36,4.949811045178856e-11,9.688622590265545e-12,3.286839802213471e-21,1.7563155233479493e-14,5.138832310555662e-07
1165,0.00016969822737952355,1.0,5066.25,0.35,293.15,2338.1,0.001,11  1,0.25  0.75,1.0,2859.941780596162,0,True,18.61693286895752,99901,7.681971416962553e-05,5156.821044618709,6.823868073239507e-12,0.0,6.775976544370708e-06,58.305707323331646,True,False,True,True,sin_impulse,NH3,-543034.7897731174,25272.9277433519,1.0,0.00016969822737952355,0.0,293.15,0.0,1.8199209771142142e-06,0.0,0.0,0.0,0.0,0.0,0.0,0.0,0.0,0.0,6.066403257047381e-07,0.0001611306093890332,-1.9363347301944547e-09,293.1500000055467,3.894106850099664e-07,1.541712479569055e-06,1.5668127166685568e-26,2.65846905309977e-27,1.7297911597201328e-30,1.831673925411256e-18,3.5558389752395395e-36,4.949872486247796e-11,9.688725147252184e-12,3.2868781317302553e-21,1.756348060139257e-14,5.138828042089286e-07
1165,0.00016969822737952355,1.0,5066.25,0.35,293.15,2338.1,0.001,11  1,0.25  0.75,1.0,2859.941116367607,0,True,18.032365798950195,100010,7.681972480640005e-05,5156.816663958526,6.823854365559924e-12,0.0,6.775963980932096e-06,58.30571634146705,True,False,True,True,sin_impulse,NH3,-543034.3657191079,25272.9277433519,1.0,0.00016969822737952355,0.0,293.15,0.0,1.8199209771142142e-06,0.0,0.0,0.0,0.0,0.0,0.0,0.0,0.0,0.0,6.066403257047381e-07,0.0001611306262652352,-7.1804731068350735e-09,293.15000001860324,3.8940978041199284e-07,1.541713123831215e-06,1.5669407272160726e-26,2.6584545077243184e-27,1.7298113993832544e-30,1.8316903981674103e-18,3.55610939401235e-36,4.949857218174183e-11,9.688702965259843e-12,3.286869560532336e-21,1.7563384427535565e-14,5.138830190250555e-07
1165,0.00016969822737952355,1.0,5066.25,0.35,293.15,2338.1,0.001,11  1,0.25  0.75,1.0,2859.941116367607,0,True,18.29602861404419,99707,7.68196696902798e-05,5156.81279313358,6.823842343966817e-12,0.0,6.775952631630003e-06,58.305721400422605,True,False,True,True,sin_impulse,NH3,-543034.7897731174,25272.95515121416,1.0,0.00016969822737952355,0.0,293.15,0.0,1.8199209771142142e-06,0.0,0.0,0.0,0.0,0.0,0.0,0.0,0.0,0.0,6.066403257047381e-07,0.00016113063812503824,-4.472636995090963e-09,293.1500000109039,3.894090084024909e-07,1.541713670192606e-06,1.5670548771444307e-26,2.6584423051412466e-27,1.7298290307655142e-30,1.831704619793934e-18,3.556351062263374e-36,4.9498436999309995e-11,9.688682870118952e-12,3.286861886032005e-21,1.7563301656109873e-14,5.1388320120061e-07
1165,0.00016969161781762657,1.0,5066.25,0.35,293.15,2338.1,0.001,11  1,0.25  0.75,1.0,2860.038497421283,0,True,17.790627479553223,99115,7.681924778605273e-05,5156.992456175984,6.8237868858086315e-12,0.0,6.77571725393108e-06,58.30416986700402,True,False,True,True,sin_impulse,NH3,-543015.1470870881,25272.65538752351,1.0,0.00016969161781762657,0.0,293.15,0.0,1.8199311432005327e-06,0.0,0.0,0.0,0.0,0.0,0.0,0.0,0.0,0.0,6.066437144001776e-07,0.00016112343437366653,-7.234566372123311e-09,293.1500000182116,3.894580764103197e-07,1.54168915616034e-06,1.556610781559841e-26,2.6592384388793924e-27,1.7285670169450847e-30,1.83076499770042e-18,3.534063894468321e-36,4.9510497555530307e-11,9.690628724824731e-12,3.2876033949356313e-21,1.7569909650513006e-14,5.138750248590301e-07
1165,0.00016969161781762657,1.0,5066.25,0.35,293.15,2338.1,0.001,11  1,0.25  0.75,1.0,2860.038497421283,0,True,18.544411182403564,99115,7.681924778605273e-05,5156.992456175984,6.8237868858086315e-12,0.0,6.77571725393108e-06,58.30416986700402,True,False,True,True,sin_impulse,NH3,-543015.1470870881,25272.65538752351,1.0,0.00016969161781762657,0.0,293.15,0.0,1.8199311432005327e-06,0.0,0.0,0.0,0.0,0.0,0.0,0.0,0.0,0.0,6.066437144001776e-07,0.00016112343437366653,-7.234566372123311e-09,293.1500000182116,3.894580764103197e-07,1.54168915616034e-06,1.556610781559841e-26,2.6592384388793924e-27,1.7285670169450847e-30,1.83076499770042e-18,3.534063894468321e-36,4.9510497555530307e-11,9.690628724824731e-12,3.2876033949356313e-21,1.7569909650513006e-14,5.138750248590301e-07
1165,0.00016969187206334843,1.0,5066.25,0.35,293.15,2338.1,0.001,11  1,0.25  0.75,1.0,2860.038497421283,0,True,19.667545557022095,99745,7.681930196471275e-05,5156.98361694864,6.823782557924373e-12,0.0,6.775714369742135e-06,58.30418202748254,True,False,True,True,sin_impulse,NH3,-543015.1470870881,25272.65538752351,1.0,0.00016969187206334843,0.0,293.15,0.0,1.8199307521336515e-06,0.0,0.0,0.0,0.0,0.0,0.0,0.0,0.0,0.0,6.066435840445505e-07,0.00016112371416474855,5.351508074170025e-09,293.14999998587217,3.8945580052714567e-07,1.5416903829964733e-06,1.557153886185376e-26,2.6592034278871788e-27,1.7286314748727974e-30,1.8308122140195704e-18,3.5352278209307464e-36,4.95098822384272e-11,9.690525004381075e-12,3.2875648659856014e-21,1.7569591661720773e-14,5.138754340615971e-07
1165,0.00016969161781762657,1.0,5066.25,0.35,293.15,2338.1,0.001,11  1,0.25  0.75,1.0,2860.039161649838,0,True,18.927301168441772,99655,7.681924783968082e-05,5156.99256564916,6.82378660532859e-12,0.0,6.775717360644527e-06,58.30417318175234,True,False,True,True,sin_impulse,NH3,-543015.1470870881,25272.65538752351,1.0,0.00016969161781762657,0.0,293.15,0.0,1.8199311432005327e-06,0.0,0.0,0.0,0.0,0.0,0.0,0.0,0.0,0.0,6.066437144001776e-07,0.00016112342061288867,5.884015354576695e-09,293.1499999854026,3.894581601875527e-07,1.5416891280057202e-06,1.55661216000415e-26,2.6592407271237553e-27,1.728566210620409e-30,1.830764015536911e-18,3.5340687530434325e-36,4.9510497154343865e-11,9.690627869689488e-12,3.2876033562167305e-21,1.7569919521783968e-14,5.138750154747203e-07
1165,0.00016969161781762657,1.0,5066.25,0.35,293.15,2338.1,0.001,11  1,0.25  0.75,1.0,2860.038497421283,0,True,17.842307806015015,100198,7.681925842672914e-05,5156.988848441477,6.8237727539303774e-12,0.0,6.775704763477301e-06,58.30418313465395,True,False,True,True,sin_impulse,NH3,-543014.7230330786,25272.65538752351,1.0,0.00016969161781762657,0.0,293.15,0.0,1.8199311432005327e-06,0.0,0.0,0.0,0.0,0.0,0.0,0.0,0.0,0.0,6.066437144001776e-07,0.00016112343625041543,-7.0209666643011634e-09,293.1500000176224,3.894572562440949e-07,1.541689767473941e-06,1.5567367589189587e-26,2.6592259832283505e-27,1.728586215364982e-30,1.8307803533111223e-18,3.534331640497743e-36,4.9510348687824505e-11,9.690606218585083e-12,3.2875949472739668e-21,1.7569822989171466e-14,5.138752286911698e-07
1165,0.00016969161781762657,1.0,5066.25,0.35,293.15,2338.1,0.001,11  1,0.25  0.75,1.0,2860.038497421283,0,True,18.614040851593018,99637,7.681920333303805e-05,5156.985007607203,6.8237618062864004e-12,0.0,6.775693421145597e-06,58.30417907481744,True,False,True,True,sin_impulse,NH3,-543015.1470870881,25272.682795385772,1.0,0.00016969161781762657,0.0,293.15,0.0,1.8199311432005327e-06,0.0,0.0,0.0,0.0,0.0,0.0,0.0,0.0,0.0,6.066437144001776e-07,0.00016112345637575337,-6.573994249310102e-09,293.15000001644097,3.8945648548590924e-07,1.5416903106518147e-06,1.5568514681376351e-26,2.659214093576556e-27,1.728603822847481e-30,1.8307945693371403e-18,3.534575115416173e-36,4.951021471292691e-11,9.690586171523343e-12,3.287587291831177e-21,1.756974232754017e-14,5.138754098051799e-07
1165,0.0001696680366315922,1.0,5066.25,0.35,293.15,2338.1,0.001,11  1,0.25  0.75,1.0,2860.0217043772495,0,True,18.18498969078064,100908,7.68162641268446e-05,5158.738322049246,6.8270014349869545e-12,0.0,6.778931963326673e-06,58.30436600744867,True,False,True,True,sin_impulse,NH3,-543058.0588645037,25270.730554773814,1.0,0.0001696680366315922,0.0,293.15,0.0,1.8199674195882492e-06,0.0,0.0,0.0,0.0,0.0,0.0,0.0,0.0,0.0,6.066558065294164e-07,0.00016109314136169545,-5.705349174400554e-09,293.1500000150102,3.898613959001419e-07,1.541438318360941e-06,1.4781070415486624e-26,2.6655704277038017e-27,1.7181265981508993e-30,1.82282220265129e-18,3.366277913466422e-36,4.960268745748745e-11,9.705637363031621e-12,3.2932297543628478e-21,1.76210176525238e-14,5.137913739909186e-07
